#VRML V2.0 utf8
# 3D model generated by easyeda2kicad.py (https://github.com/uPesy/easyeda2kicad.py)

Shape{
    appearance Appearance {
        material  Material 	{
            diffuseColor 0.7529411764705882 0.7529411764705882 0.7529411764705882
            specularColor 0.3764705882352941 0.3764705882352941 0.3764705882352941
            ambientIntensity 0.7529
            transparency 0.0
            shininess 0.5
        }
    }
    geometry IndexedFaceSet {
        ccw TRUE
        solid FALSE
        coord DEF co Coordinate {
            point [
                -1.1319 -1.4272 -0.8858, -1.1319 -1.4272 1.6832, -1.2303 -1.4272 -0.8858, -1.2303 -1.4272 1.6832, -1.1319 -1.5031 1.7755, -1.2303 -1.5031 1.7755, -1.1319 -1.562 1.8796, -1.2303 -1.562 1.8796, -1.1319 -1.6019 1.9923, -1.2303 -1.6019 1.9923, -1.1319 -1.6218 2.1102, -1.2303 -1.6218 2.1102, -1.1319 -1.621 2.2298, -1.2303 -1.621 2.2298, -1.1319 -1.5995 2.3474, -1.2303 -1.5995 2.3474, -1.1319 -1.558 2.4596, -1.2303 -1.558 2.4596, -1.1319 -1.4978 2.5629, -1.2303 -1.4978 2.5629, -1.1319 -1.4206 2.6542, -1.2303 -1.4206 2.6542, -1.1319 -1.3287 2.7308, -1.2303 -1.3287 2.7308, -1.1319 -1.225 2.7903, -1.2303 -1.225 2.7903, -1.1319 -1.1126 2.8311, -1.2303 -1.1126 2.8311, -1.1319 -0.9948 2.8517, -1.2303 -0.9948 2.8517, -1.1319 -0.8753 2.8517, -1.2303 -0.8753 2.8517, -1.1319 -0.7575 2.8311, -1.2303 -0.7575 2.8311, -1.1319 -0.645 2.7903, -1.2303 -0.645 2.7903, -1.1319 -0.5414 2.7308, -1.2303 -0.5414 2.7308, -1.1319 -0.4495 2.6542, -1.2303 -0.4495 2.6542, -1.1319 -0.3723 2.5629, -1.2303 -0.3723 2.5629, -1.1319 -0.3121 2.4596, -1.2303 -0.3121 2.4596, -1.1319 -0.2706 2.3474, -1.2303 -0.2706 2.3474, -1.1319 -0.2491 2.2298, -1.2303 -0.2491 2.2298, -1.1319 -0.2483 2.1102, -1.2303 -0.2483 2.1102, -1.1319 -0.2681 1.9923, -1.2303 -0.2681 1.9923, -1.1319 -0.3081 1.8796, -1.2303 -0.3081 1.8796, -1.1319 -0.367 1.7755, -1.2303 -0.367 1.7755, -1.1319 -0.4429 1.6832, -1.2303 -0.4429 1.6832, -1.2303 -0.4429 -0.8858, -1.1319 -0.4429 -0.8858, -1.2303 -1.1396 -1.0039, -1.2303 -1.3897 -1.0742, -1.2303 -1.1632 -0.947, -1.2303 -1.4177 -0.9818, -1.2303 -1.1713 -0.8858, -1.2303 -1.1632 -0.8247, -1.2303 -0.9962 -1.114, -1.2303 -1.1234 -1.3405, -1.2303 -1.0532 -1.0904, -1.2303 -1.2085 -1.295, -1.2303 -1.1021 -1.0529, -1.2303 -1.283 -1.2338, -1.2303 -1.3442 -1.1592, -1.2303 -0.8169 -1.0904, -1.2303 -0.7467 -1.3405, -1.2303 -0.8739 -1.114, -1.2303 -0.839 -1.3685, -1.2303 -0.935 -1.122, -1.2303 -0.935 -1.378, -1.2303 -1.031 -1.3685, -1.2303 -0.8169 -0.6813, -1.2303 -0.8739 -0.6577, -1.2303 -0.935 -0.6496, -1.2303 -0.9962 -0.6577, -1.2303 -1.0532 -0.6813, -1.2303 -1.1021 -0.7188, -1.2303 -1.1396 -0.7677, -1.2303 -0.7069 -0.947, -1.2303 -0.4804 -1.0742, -1.2303 -0.7305 -1.0039, -1.2303 -0.5259 -1.1592, -1.2303 -0.768 -1.0529, -1.2303 -0.5871 -1.2338, -1.2303 -0.6616 -1.295, -1.2303 -0.6988 -0.8858, -1.2303 -0.4524 -0.9818, -1.2303 -0.7069 -0.8247, -1.2303 -0.7305 -0.7677, -1.2303 -0.768 -0.7188, -1.1319 -0.935 -0.6496, -1.1319 -0.8739 -0.6577, -1.1319 -0.7305 -1.0039, -1.1319 -0.4804 -1.0742, -1.1319 -0.7069 -0.947, -1.1319 -0.4524 -0.9818, -1.1319 -0.6988 -0.8858, -1.1319 -0.7069 -0.8247, -1.1319 -0.8739 -1.114, -1.1319 -0.7467 -1.3405, -1.1319 -0.8169 -1.0904, -1.1319 -0.6616 -1.295, -1.1319 -0.768 -1.0529, -1.1319 -0.5871 -1.2338, -1.1319 -0.5259 -1.1592, -1.1319 -0.9962 -0.6577, -1.1319 -1.0532 -0.6813, -1.1319 -0.8169 -0.6813, -1.1319 -0.768 -0.7188, -1.1319 -0.7305 -0.7677, -1.1319 -1.0532 -1.0904, -1.1319 -1.1234 -1.3405, -1.1319 -0.9962 -1.114, -1.1319 -1.031 -1.3685, -1.1319 -0.935 -1.122, -1.1319 -0.935 -1.378, -1.1319 -0.839 -1.3685, -1.1319 -1.1632 -0.947, -1.1319 -1.3897 -1.0742, -1.1319 -1.1396 -1.0039, -1.1319 -1.3442 -1.1592, -1.1319 -1.1021 -1.0529, -1.1319 -1.283 -1.2338, -1.1319 -1.2085 -1.295, -1.1319 -1.1713 -0.8858, -1.1319 -1.4177 -0.9818, -1.1319 -1.1632 -0.8247, -1.1319 -1.1396 -0.7677, -1.1319 -1.1021 -0.7188
            ]
        }
        coordIndex [
            0,1,2,-1,2,1,3,-1,3,1,4,-1,3,4,5,-1,5,4,6,-1,5,6,7,-1,7,6,8,-1,7,8,9,-1,9,8,10,-1,9,10,11,-1,11,10,12,-1,11,12,13,-1,13,12,14,-1,13,14,15,-1,15,14,16,-1,15,16,17,-1,17,16,18,-1,17,18,19,-1,19,18,20,-1,19,20,21,-1,21,20,22,-1,21,22,23,-1,23,22,24,-1,23,24,25,-1,25,24,26,-1,25,26,27,-1,27,26,28,-1,27,28,29,-1,29,28,30,-1,29,30,31,-1,31,30,32,-1,31,32,33,-1,33,32,34,-1,33,34,35,-1,35,34,36,-1,35,36,37,-1,37,36,38,-1,37,38,39,-1,39,38,40,-1,39,40,41,-1,41,40,42,-1,41,42,43,-1,43,42,44,-1,43,44,45,-1,45,44,46,-1,45,46,47,-1,47,46,48,-1,47,48,49,-1,49,48,50,-1,49,50,51,-1,51,50,52,-1,51,52,53,-1,53,52,54,-1,53,54,55,-1,55,54,56,-1,55,56,57,-1,58,57,59,-1,59,57,56,-1,55,57,3,-1,55,3,53,-1,5,49,3,-1,3,49,51,-1,3,51,53,-1,5,7,49,-1,49,7,9,-1,49,9,11,-1,17,19,49,-1,49,19,21,-1,49,21,47,-1,47,21,45,-1,11,13,49,-1,49,13,15,-1,49,15,17,-1,25,27,43,-1,60,61,62,-1,62,61,63,-1,62,63,64,-1,64,63,2,-1,64,2,65,-1,66,67,68,-1,68,67,69,-1,68,69,70,-1,70,69,71,-1,70,71,60,-1,60,71,72,-1,60,72,61,-1,45,21,43,-1,43,21,23,-1,43,23,25,-1,39,31,37,-1,37,31,33,-1,37,33,35,-1,73,74,75,-1,75,74,76,-1,75,76,77,-1,77,76,78,-1,77,78,66,-1,66,78,79,-1,66,79,67,-1,80,81,57,-1,57,81,82,-1,57,82,3,-1,3,82,83,-1,83,84,3,-1,3,84,85,-1,3,85,2,-1,2,85,86,-1,2,86,65,-1,27,29,43,-1,43,29,31,-1,43,31,41,-1,41,31,39,-1,87,88,89,-1,89,88,90,-1,89,90,91,-1,91,90,92,-1,91,92,73,-1,73,92,93,-1,73,93,74,-1,94,58,87,-1,87,58,95,-1,87,95,88,-1,94,96,58,-1,58,96,97,-1,58,97,57,-1,57,97,98,-1,57,98,80,-1,1,56,54,-1,48,46,20,-1,20,46,44,-1,20,44,42,-1,20,18,48,-1,48,18,16,-1,48,16,14,-1,8,6,48,-1,48,6,4,-1,48,4,1,-1,54,52,1,-1,1,52,50,-1,1,50,48,-1,40,38,30,-1,30,38,36,-1,30,36,32,-1,32,36,34,-1,14,12,48,-1,48,12,10,-1,48,10,8,-1,40,30,42,-1,42,30,28,-1,42,28,26,-1,56,99,100,-1,26,24,42,-1,42,24,22,-1,42,22,20,-1,101,102,103,-1,103,102,104,-1,103,104,105,-1,105,104,59,-1,105,59,106,-1,107,108,109,-1,109,108,110,-1,109,110,111,-1,111,110,112,-1,111,112,101,-1,101,112,113,-1,101,113,102,-1,99,56,114,-1,114,56,1,-1,114,1,115,-1,100,116,56,-1,56,116,117,-1,56,117,59,-1,59,117,118,-1,59,118,106,-1,119,120,121,-1,121,120,122,-1,121,122,123,-1,123,122,124,-1,123,124,107,-1,107,124,125,-1,107,125,108,-1,126,127,128,-1,128,127,129,-1,128,129,130,-1,130,129,131,-1,130,131,119,-1,119,131,132,-1,119,132,120,-1,133,0,126,-1,126,0,134,-1,126,134,127,-1,133,135,0,-1,0,135,136,-1,0,136,1,-1,1,136,137,-1,1,137,115,-1,78,124,122,-1,78,122,79,-1,79,122,120,-1,79,120,67,-1,67,120,132,-1,67,132,69,-1,69,132,131,-1,69,131,71,-1,71,131,129,-1,71,129,72,-1,72,129,127,-1,72,127,61,-1,61,127,134,-1,61,134,63,-1,63,134,0,-1,63,0,2,-1,58,59,104,-1,58,104,95,-1,95,104,102,-1,95,102,88,-1,88,102,113,-1,88,113,90,-1,90,113,112,-1,90,112,92,-1,92,112,110,-1,92,110,93,-1,93,110,108,-1,93,108,74,-1,74,108,125,-1,74,125,76,-1,76,125,124,-1,76,124,78,-1,94,105,96,-1,96,105,106,-1,96,106,97,-1,97,106,118,-1,97,118,98,-1,98,118,117,-1,98,117,80,-1,80,117,116,-1,80,116,81,-1,81,116,100,-1,81,100,82,-1,82,100,99,-1,82,99,83,-1,83,99,114,-1,83,114,84,-1,84,114,115,-1,84,115,85,-1,85,115,137,-1,85,137,86,-1,86,137,136,-1,86,136,65,-1,65,136,135,-1,65,135,64,-1,64,135,133,-1,64,133,62,-1,62,133,126,-1,62,126,60,-1,60,126,128,-1,60,128,70,-1,70,128,130,-1,70,130,68,-1,68,130,119,-1,68,119,66,-1,66,119,121,-1,66,121,77,-1,77,121,123,-1,77,123,75,-1,75,123,107,-1,75,107,73,-1,73,107,109,-1,73,109,91,-1,91,109,111,-1,91,111,89,-1,89,111,101,-1,89,101,87,-1,87,101,103,-1,87,103,94,-1,94,103,105,-1,
        ]
    }
}
Shape{
    appearance Appearance {
        material  Material 	{
            diffuseColor 0.25098039215686274 0.25098039215686274 0.25098039215686274
            specularColor 0.12549019607843137 0.12549019607843137 0.12549019607843137
            ambientIntensity 0.251
            transparency 0.0
            shininess 0.5
        }
    }
    geometry IndexedFaceSet {
        ccw TRUE
        solid FALSE
        coord DEF co Coordinate {
            point [
                -1.1319 -2.7067 2.1654, -1.1319 -2.7067 0.0, -0.5118 -2.7067 2.1654, -0.5118 -2.7067 0.0, -1.1319 0.8366 0.0, -1.1319 0.8366 2.1654, -1.1319 -1.359 3.8855, -1.1319 -1.1486 3.9241, -1.1319 0.523 3.1718, -1.1319 0.6337 2.9887, -1.1319 0.7215 2.7936, -1.1319 0.0714 3.6234, -1.1319 0.2398 3.4915, -1.1319 0.3911 3.3402, -1.1319 0.7851 2.5893, -1.1319 0.8237 2.3789, -1.1319 -2.6938 2.3789, -1.1319 -2.6552 2.5893, -1.1319 -2.5916 2.7936, -1.1319 -2.5038 2.9887, -1.1319 -2.3931 3.1718, -1.1319 -2.2611 3.3402, -1.1319 -2.1099 3.4915, -1.1319 -1.9415 3.6234, -1.1319 -1.5633 3.8219, -1.1319 -1.7584 3.7341, -1.1319 -0.935 3.937, -1.1319 -0.7215 3.9241, -1.1319 -0.5111 3.8855, -1.1319 -0.3068 3.8219, -1.1319 -0.1117 3.7341, -0.5118 0.8366 2.1654, -0.5118 0.8366 0.0, -0.5118 0.8237 2.3789, -0.5118 -1.359 3.8855, -0.5118 -1.5633 3.8219, -0.5118 -2.1099 3.4915, -0.5118 -2.2611 3.3402, -0.5118 -2.5916 2.7936, -0.5118 -2.6552 2.5893, -0.5118 0.7851 2.5893, -0.5118 -0.935 3.937, -0.5118 -1.1486 3.9241, -0.5118 -2.3931 3.1718, -0.5118 -2.5038 2.9887, -0.5118 -2.6938 2.3789, -0.5118 0.2398 3.4915, -0.5118 0.0714 3.6234, -0.5118 0.3911 3.3402, -0.5118 -0.1117 3.7341, -0.5118 0.523 3.1718, -0.5118 0.6337 2.9887, -0.5118 -0.3068 3.8219, -0.5118 -0.5111 3.8855, -0.5118 0.7215 2.7936, -0.5118 -0.7215 3.9241, -0.5118 -1.7584 3.7341, -0.5118 -1.9415 3.6234, -1.4567 -2.7067 1.378, -1.4567 -2.7067 0.0, -1.1319 -2.7067 1.378, -1.4567 -2.1161 1.378, -1.1319 -2.1161 1.378, -1.4567 -2.1161 0.0, -1.1319 -2.1161 0.0, -1.4567 0.8366 0.0, -1.4567 0.8366 1.378, -1.1319 0.8366 1.378, -1.4567 0.2461 0.0, -1.1319 0.2461 0.0, -1.4567 0.2461 1.378, -1.1319 0.2461 1.378
            ]
        }
        coordIndex [
            0,1,2,-1,2,1,3,-1,4,1,5,-1,5,1,0,-1,0,6,7,-1,8,9,0,-1,0,9,10,-1,11,12,0,-1,0,12,13,-1,0,13,8,-1,10,14,0,-1,0,14,15,-1,0,15,5,-1,0,16,6,-1,6,16,17,-1,6,17,18,-1,18,19,6,-1,6,19,20,-1,6,20,21,-1,21,22,6,-1,6,22,23,-1,6,23,24,-1,24,23,25,-1,7,26,0,-1,0,26,27,-1,0,27,28,-1,28,29,0,-1,0,29,30,-1,0,30,11,-1,31,32,5,-1,5,32,4,-1,2,3,32,-1,33,34,35,-1,33,36,37,-1,33,38,39,-1,40,41,33,-1,33,41,42,-1,33,42,34,-1,37,43,33,-1,33,43,44,-1,33,44,38,-1,32,31,2,-1,2,31,33,-1,2,33,45,-1,45,33,39,-1,46,47,48,-1,48,47,49,-1,48,49,50,-1,50,49,51,-1,51,49,52,-1,51,52,53,-1,40,54,41,-1,41,54,51,-1,41,51,55,-1,55,51,53,-1,35,56,33,-1,33,56,57,-1,33,57,36,-1,4,32,1,-1,1,32,3,-1,41,26,7,-1,41,7,42,-1,42,7,6,-1,42,6,34,-1,34,6,24,-1,34,24,35,-1,35,24,25,-1,35,25,56,-1,56,25,23,-1,56,23,57,-1,57,23,22,-1,57,22,36,-1,36,22,21,-1,36,21,37,-1,37,21,20,-1,37,20,43,-1,43,20,19,-1,43,19,44,-1,44,19,18,-1,44,18,38,-1,38,18,17,-1,38,17,39,-1,39,17,16,-1,39,16,45,-1,45,16,0,-1,45,0,2,-1,26,41,55,-1,26,55,27,-1,27,55,53,-1,27,53,28,-1,28,53,52,-1,28,52,29,-1,29,52,49,-1,29,49,30,-1,30,49,47,-1,30,47,11,-1,11,47,46,-1,11,46,12,-1,12,46,48,-1,12,48,13,-1,13,48,50,-1,13,50,8,-1,8,50,51,-1,8,51,9,-1,9,51,54,-1,9,54,10,-1,10,54,40,-1,10,40,14,-1,14,40,33,-1,14,33,15,-1,15,33,31,-1,15,31,5,-1,58,59,60,-1,60,59,1,-1,61,58,62,-1,62,58,60,-1,63,61,64,-1,64,61,62,-1,59,63,1,-1,1,63,64,-1,61,63,58,-1,58,63,59,-1,64,62,1,-1,1,62,60,-1,65,66,4,-1,4,66,67,-1,68,65,69,-1,69,65,4,-1,70,68,71,-1,71,68,69,-1,66,70,67,-1,67,70,71,-1,68,70,65,-1,65,70,66,-1,71,69,67,-1,67,69,4,-1,
        ]
    }
}
Shape{
    appearance Appearance {
        material  Material 	{
            diffuseColor 0.7529411764705882 0.7529411764705882 0.7529411764705882
            specularColor 0.3764705882352941 0.3764705882352941 0.3764705882352941
            ambientIntensity 0.7529
            transparency 0.0
            shininess 0.5
        }
    }
    geometry IndexedFaceSet {
        ccw TRUE
        solid FALSE
        coord DEF co Coordinate {
            point [
                -0.4921 0.876 2.0092, -0.4921 0.8366 2.0092, 0.4921 0.876 2.0092, 0.4921 0.8366 2.0092, 0.4921 0.8366 -0.8858, 0.4921 0.9941 -0.8858, 0.4921 0.9941 1.8911, 0.4921 0.9066 2.0052, 0.4921 0.9901 1.9217, 0.4921 0.935 1.9934, 0.4921 0.9783 1.9501, 0.4921 0.9595 1.9746, -0.4921 0.8366 -0.8858, -0.4921 0.9941 1.8911, -0.4921 0.9941 -0.8858, -0.4921 0.935 1.9934, -0.4921 0.9595 1.9746, -0.4921 0.9783 1.9501, -0.4921 0.9066 2.0052, -0.4921 0.9901 1.9217, -0.2282 0.9941 -0.947, -0.4847 0.9941 -0.9713, -0.2362 0.9941 -0.8858, -0.2282 0.9941 -0.8247, 0.2282 0.9941 -0.8247, 0.2046 0.9941 -0.7677, 0.167 0.9941 -0.7188, 0.1181 0.9941 -0.6813, -0.167 0.9941 -1.0529, -0.377 0.9941 -1.2022, -0.2046 0.9941 -1.0039, -0.4262 0.9941 -1.1319, -0.4624 0.9941 -1.0541, 0.2046 0.9941 -1.0039, 0.4262 0.9941 -1.1319, 0.377 0.9941 -1.2022, 0.0611 0.9941 -0.6577, -0.0 0.9941 -0.6496, -0.0611 0.9941 -0.6577, -0.1181 0.9941 -0.6813, -0.167 0.9941 -0.7188, -0.2046 0.9941 -0.7677, 0.0611 0.9941 -1.114, 0.0855 0.9941 -1.3705, -0.0 0.9941 -1.122, -0.0 0.9941 -1.378, -0.0611 0.9941 -1.114, 0.167 0.9941 -1.0529, 0.3163 0.9941 -1.2628, 0.1181 0.9941 -1.0904, 0.2461 0.9941 -1.312, 0.1683 0.9941 -1.3483, 0.4624 0.9941 -1.0541, 0.2282 0.9941 -0.947, 0.4846 0.9941 -0.9713, 0.2362 0.9941 -0.8858, -0.0855 0.9941 -1.3705, -0.1683 0.9941 -1.3483, -0.1181 0.9941 -1.0904, -0.2461 0.9941 -1.312, -0.3163 0.9941 -1.2628, -0.167 0.8366 -0.7188, -0.2046 0.8366 -0.7677, -0.2282 0.8366 -0.8247, 0.0611 0.8366 -0.6577, 0.1181 0.8366 -0.6813, 0.167 0.8366 -0.7188, 0.2046 0.8366 -0.7677, 0.2282 0.8366 -0.8247, 0.2362 0.8366 -0.8858, 0.4846 0.8366 -0.9713, 0.2282 0.8366 -0.947, 0.4624 0.8366 -1.0541, 0.2046 0.8366 -1.0039, 0.167 0.8366 -1.0529, 0.377 0.8366 -1.2022, 0.4262 0.8366 -1.1319, -0.2046 0.8366 -1.0039, -0.377 0.8366 -1.2022, -0.167 0.8366 -1.0529, -0.3163 0.8366 -1.2628, -0.1181 0.8366 -1.0904, -0.2362 0.8366 -0.8858, -0.4847 0.8366 -0.9713, -0.2282 0.8366 -0.947, -0.4624 0.8366 -1.0541, -0.4262 0.8366 -1.1319, -0.1181 0.8366 -0.6813, -0.0611 0.8366 -0.6577, -0.0 0.8366 -0.6496, -0.0 0.8366 -1.122, 0.0855 0.8366 -1.3705, 0.0611 0.8366 -1.114, 0.1683 0.8366 -1.3483, 0.1181 0.8366 -1.0904, 0.2461 0.8366 -1.312, 0.3163 0.8366 -1.2628, -0.2461 0.8366 -1.312, -0.1683 0.8366 -1.3483, -0.0611 0.8366 -1.114, -0.0855 0.8366 -1.3705, -0.0 0.8366 -1.378, 1.2303 -1.4272 -0.8858, 1.2303 -1.4272 0.0, 1.1319 -1.4272 -0.8858, 1.1319 -1.4272 0.0, 1.1319 -0.8704 -0.6586, 1.1319 -0.9132 -0.6506, 1.1319 -0.4429 0.0, 1.1319 -0.9997 -0.6586, 1.1319 -1.0403 -0.6744, 1.1319 -1.0774 -0.6973, 1.1319 -0.9997 -1.113, 1.1319 -0.9568 -1.121, 1.1319 -0.9993 -1.3737, 1.1319 -0.9568 -0.6506, 1.1319 -0.935 -1.378, 1.1319 -0.9132 -1.121, 1.1319 -0.8708 -1.3737, 1.1319 -0.7605 -0.7267, 1.1319 -0.7927 -0.6973, 1.1319 -0.8297 -0.6744, 1.1319 -1.1553 -0.8005, 1.1319 -1.1359 -0.7615, 1.1319 -1.1096 -0.7267, 1.1319 -1.1672 -0.8424, 1.1319 -1.1713 -0.8858, 1.1319 -1.423 -0.9501, 1.1319 -1.1672 -0.9292, 1.1319 -1.4104 -1.0132, 1.1319 -1.1553 -0.9712, 1.1319 -1.1096 -1.045, 1.1319 -1.3255 -1.1854, 1.1319 -1.1359 -1.0102, 1.1319 -1.3612 -1.1319, 1.1319 -1.3897 -1.0742, 1.1319 -1.0624 -1.3612, 1.1319 -1.1234 -1.3405, 1.1319 -1.0403 -1.0973, 1.1319 -1.1811 -1.312, 1.1319 -1.0774 -1.0743, 1.1319 -1.2346 -1.2763, 1.1319 -1.283 -1.2338, 1.1319 -0.8077 -1.3612, 1.1319 -0.8704 -1.113, 1.1319 -0.7467 -1.3405, 1.1319 -0.8297 -1.0973, 1.1319 -0.689 -1.312, 1.1319 -0.7028 -0.8424, 1.1319 -0.7148 -0.8005, 1.1319 -0.4429 -0.8858, 1.1319 -0.6355 -1.2763, 1.1319 -0.7927 -1.0743, 1.1319 -0.5871 -1.2338, 1.1319 -0.7605 -1.045, 1.1319 -0.5446 -1.1854, 1.1319 -0.7342 -1.0102, 1.1319 -0.5088 -1.1319, 1.1319 -0.7342 -0.7615, 1.1319 -0.4804 -1.0742, 1.1319 -0.7148 -0.9712, 1.1319 -0.4597 -1.0132, 1.1319 -0.7028 -0.9292, 1.1319 -0.4471 -0.9501, 1.1319 -0.6988 -0.8858, 1.2303 -0.4429 -0.8858, 1.2303 -0.4429 0.0, 1.2303 -0.9997 -0.6586, 1.2303 -0.9568 -0.6506, 1.2303 -0.8704 -0.6586, 1.2303 -0.8297 -0.6744, 1.2303 -0.7927 -0.6973, 1.2303 -0.9132 -0.6506, 1.2303 -0.7148 -0.8005, 1.2303 -0.7342 -0.7615, 1.2303 -0.7605 -0.7267, 1.2303 -1.1096 -0.7267, 1.2303 -1.0774 -0.6973, 1.2303 -1.0403 -0.6744, 1.2303 -0.7028 -0.8424, 1.2303 -0.6988 -0.8858, 1.2303 -0.4471 -0.9501, 1.2303 -0.7028 -0.9292, 1.2303 -0.4597 -1.0132, 1.2303 -0.7148 -0.9712, 1.2303 -0.8704 -1.113, 1.2303 -0.7467 -1.3405, 1.2303 -0.8297 -1.0973, 1.2303 -0.689 -1.312, 1.2303 -0.7927 -1.0743, 1.2303 -0.6355 -1.2763, 1.2303 -0.7605 -1.045, 1.2303 -0.5871 -1.2338, 1.2303 -0.5446 -1.1854, 1.2303 -0.7342 -1.0102, 1.2303 -0.5088 -1.1319, 1.2303 -0.4804 -1.0742, 1.2303 -0.9568 -1.121, 1.2303 -0.935 -1.378, 1.2303 -0.9132 -1.121, 1.2303 -0.8708 -1.3737, 1.2303 -0.8077 -1.3612, 1.2303 -1.0403 -1.0973, 1.2303 -1.1234 -1.3405, 1.2303 -0.9997 -1.113, 1.2303 -1.0624 -1.3612, 1.2303 -0.9993 -1.3737, 1.2303 -1.1359 -1.0102, 1.2303 -1.3255 -1.1854, 1.2303 -1.1096 -1.045, 1.2303 -1.283 -1.2338, 1.2303 -1.0774 -1.0743, 1.2303 -1.2346 -1.2763, 1.2303 -1.1811 -1.312, 1.2303 -1.1672 -0.9292, 1.2303 -1.1713 -0.8858, 1.2303 -1.1672 -0.8424, 1.2303 -1.1553 -0.8005, 1.2303 -1.1359 -0.7615, 1.2303 -1.423 -0.9501, 1.2303 -1.4104 -1.0132, 1.2303 -1.1553 -0.9712, 1.2303 -1.3897 -1.0742, 1.2303 -1.3612 -1.1319
            ]
        }
        coordIndex [
            0,1,2,-1,2,1,3,-1,4,5,3,-1,3,5,6,-1,3,6,2,-1,2,6,7,-1,7,6,8,-1,7,8,9,-1,9,8,10,-1,9,10,11,-1,1,0,12,-1,12,0,13,-1,12,13,14,-1,15,16,17,-1,0,18,13,-1,13,18,15,-1,13,15,19,-1,19,15,17,-1,20,21,22,-1,22,21,14,-1,22,14,23,-1,5,24,25,-1,5,25,6,-1,6,25,26,-1,6,26,27,-1,28,29,30,-1,30,29,31,-1,30,31,20,-1,20,31,32,-1,20,32,21,-1,33,34,35,-1,27,36,6,-1,6,36,37,-1,6,37,13,-1,13,37,38,-1,38,39,13,-1,13,39,40,-1,13,40,14,-1,14,40,41,-1,14,41,23,-1,42,43,44,-1,44,43,45,-1,44,45,46,-1,33,35,47,-1,47,35,48,-1,47,48,49,-1,49,48,50,-1,49,50,42,-1,42,50,51,-1,42,51,43,-1,34,33,52,-1,52,33,53,-1,52,53,54,-1,54,53,5,-1,5,53,55,-1,5,55,24,-1,45,56,46,-1,46,56,57,-1,46,57,58,-1,58,57,59,-1,58,59,28,-1,28,59,60,-1,28,60,29,-1,61,1,62,-1,62,1,12,-1,62,12,63,-1,64,65,3,-1,3,65,66,-1,3,66,4,-1,4,66,67,-1,67,68,4,-1,4,68,69,-1,4,69,70,-1,70,69,71,-1,70,71,72,-1,72,71,73,-1,74,75,73,-1,73,75,76,-1,73,76,72,-1,77,78,79,-1,79,78,80,-1,79,80,81,-1,63,12,82,-1,82,12,83,-1,82,83,84,-1,84,83,85,-1,84,85,77,-1,77,85,86,-1,77,86,78,-1,61,87,1,-1,1,87,88,-1,1,88,3,-1,3,88,89,-1,3,89,64,-1,90,91,92,-1,92,91,93,-1,92,93,94,-1,94,93,95,-1,94,95,74,-1,74,95,96,-1,74,96,75,-1,80,97,81,-1,81,97,98,-1,81,98,99,-1,99,98,100,-1,99,100,90,-1,90,100,101,-1,90,101,91,-1,0,2,7,-1,0,7,18,-1,18,7,9,-1,18,9,15,-1,15,9,11,-1,15,11,16,-1,16,11,10,-1,16,10,17,-1,17,10,8,-1,17,8,19,-1,19,8,6,-1,19,6,13,-1,45,101,100,-1,45,100,56,-1,56,100,98,-1,56,98,57,-1,57,98,97,-1,57,97,59,-1,59,97,80,-1,59,80,60,-1,60,80,78,-1,60,78,29,-1,29,78,86,-1,29,86,31,-1,31,86,85,-1,31,85,32,-1,32,85,83,-1,32,83,21,-1,21,83,12,-1,21,12,14,-1,5,4,70,-1,5,70,54,-1,54,70,72,-1,54,72,52,-1,52,72,76,-1,52,76,34,-1,34,76,75,-1,34,75,35,-1,35,75,96,-1,35,96,48,-1,48,96,95,-1,48,95,50,-1,50,95,93,-1,50,93,51,-1,51,93,91,-1,51,91,43,-1,43,91,101,-1,43,101,45,-1,90,44,99,-1,99,44,46,-1,99,46,81,-1,81,46,58,-1,81,58,79,-1,79,58,28,-1,79,28,77,-1,77,28,30,-1,77,30,84,-1,84,30,20,-1,84,20,82,-1,82,20,22,-1,82,22,63,-1,63,22,23,-1,63,23,62,-1,62,23,41,-1,62,41,61,-1,61,41,40,-1,61,40,87,-1,87,40,39,-1,87,39,88,-1,88,39,38,-1,88,38,89,-1,89,38,37,-1,89,37,64,-1,64,37,36,-1,64,36,65,-1,65,36,27,-1,65,27,66,-1,66,27,26,-1,66,26,67,-1,67,26,25,-1,67,25,68,-1,68,25,24,-1,68,24,69,-1,69,24,55,-1,69,55,71,-1,71,55,53,-1,71,53,73,-1,73,53,33,-1,73,33,74,-1,74,33,47,-1,74,47,94,-1,94,47,49,-1,94,49,92,-1,92,49,42,-1,92,42,90,-1,90,42,44,-1,102,103,104,-1,104,103,105,-1,106,107,108,-1,109,110,105,-1,105,110,111,-1,112,113,114,-1,108,107,105,-1,105,107,115,-1,105,115,109,-1,114,113,116,-1,116,113,117,-1,116,117,118,-1,119,120,108,-1,108,120,121,-1,108,121,106,-1,122,104,123,-1,123,104,105,-1,123,105,124,-1,124,105,111,-1,122,125,104,-1,104,125,126,-1,104,126,127,-1,127,126,128,-1,127,128,129,-1,129,128,130,-1,131,132,133,-1,133,132,134,-1,133,134,130,-1,130,134,135,-1,130,135,129,-1,114,136,112,-1,112,136,137,-1,112,137,138,-1,138,137,139,-1,138,139,140,-1,140,139,141,-1,140,141,131,-1,131,141,142,-1,131,142,132,-1,118,117,143,-1,143,117,144,-1,143,144,145,-1,145,144,146,-1,145,146,147,-1,148,149,150,-1,147,146,151,-1,151,146,152,-1,151,152,153,-1,153,152,154,-1,153,154,155,-1,155,154,156,-1,155,156,157,-1,150,149,108,-1,108,149,158,-1,108,158,119,-1,157,156,159,-1,159,156,160,-1,159,160,161,-1,161,160,162,-1,161,162,163,-1,163,162,150,-1,150,162,164,-1,150,164,148,-1,150,108,165,-1,165,108,166,-1,167,168,103,-1,169,170,166,-1,166,170,171,-1,103,168,166,-1,166,168,172,-1,166,172,169,-1,173,165,174,-1,174,165,166,-1,174,166,175,-1,175,166,171,-1,176,177,103,-1,103,177,178,-1,103,178,167,-1,173,179,165,-1,165,179,180,-1,165,180,181,-1,181,180,182,-1,181,182,183,-1,183,182,184,-1,185,186,187,-1,187,186,188,-1,187,188,189,-1,189,188,190,-1,189,190,191,-1,190,192,191,-1,191,192,193,-1,191,193,194,-1,194,193,195,-1,194,195,184,-1,184,195,196,-1,184,196,183,-1,197,198,199,-1,199,198,200,-1,199,200,185,-1,185,200,201,-1,185,201,186,-1,202,203,204,-1,204,203,205,-1,204,205,197,-1,197,205,206,-1,197,206,198,-1,207,208,209,-1,209,208,210,-1,209,210,211,-1,211,210,212,-1,211,212,202,-1,202,212,213,-1,202,213,203,-1,214,215,102,-1,215,216,102,-1,102,216,217,-1,102,217,103,-1,103,217,218,-1,103,218,176,-1,102,219,214,-1,214,219,220,-1,214,220,221,-1,221,220,222,-1,221,222,207,-1,207,222,223,-1,207,223,208,-1,166,108,103,-1,103,108,105,-1,150,165,181,-1,150,181,163,-1,163,181,183,-1,163,183,161,-1,161,183,196,-1,161,196,159,-1,159,196,195,-1,159,195,157,-1,157,195,193,-1,157,193,155,-1,155,193,192,-1,155,192,153,-1,153,192,190,-1,153,190,151,-1,151,190,188,-1,151,188,147,-1,147,188,186,-1,147,186,145,-1,145,186,201,-1,145,201,143,-1,143,201,200,-1,143,200,118,-1,118,200,198,-1,118,198,116,-1,102,104,127,-1,102,127,219,-1,219,127,129,-1,219,129,220,-1,220,129,135,-1,220,135,222,-1,222,135,134,-1,222,134,223,-1,223,134,132,-1,223,132,208,-1,208,132,142,-1,208,142,210,-1,210,142,141,-1,210,141,212,-1,212,141,139,-1,212,139,213,-1,213,139,137,-1,213,137,203,-1,203,137,136,-1,203,136,205,-1,205,136,114,-1,205,114,206,-1,206,114,116,-1,206,116,198,-1,164,180,148,-1,148,180,179,-1,148,179,149,-1,149,179,173,-1,149,173,158,-1,158,173,174,-1,158,174,119,-1,119,174,175,-1,119,175,120,-1,120,175,171,-1,120,171,121,-1,121,171,170,-1,121,170,106,-1,106,170,169,-1,106,169,107,-1,107,169,172,-1,107,172,115,-1,115,172,168,-1,115,168,109,-1,109,168,167,-1,109,167,110,-1,110,167,178,-1,110,178,111,-1,111,178,177,-1,111,177,124,-1,124,177,176,-1,124,176,123,-1,123,176,218,-1,123,218,122,-1,122,218,217,-1,122,217,125,-1,125,217,216,-1,125,216,126,-1,126,216,215,-1,126,215,128,-1,128,215,214,-1,128,214,130,-1,130,214,221,-1,130,221,133,-1,133,221,207,-1,133,207,131,-1,131,207,209,-1,131,209,140,-1,140,209,211,-1,140,211,138,-1,138,211,202,-1,138,202,112,-1,112,202,204,-1,112,204,113,-1,113,204,197,-1,113,197,117,-1,117,197,199,-1,117,199,144,-1,144,199,185,-1,144,185,146,-1,146,185,187,-1,146,187,152,-1,152,187,189,-1,152,189,154,-1,154,189,191,-1,154,191,156,-1,156,191,194,-1,156,194,160,-1,160,194,184,-1,160,184,162,-1,162,184,182,-1,162,182,164,-1,164,182,180,-1,
        ]
    }
}
Shape{
    appearance Appearance {
        material  Material 	{
            diffuseColor 0.25098039215686274 0.25098039215686274 0.25098039215686274
            specularColor 0.12549019607843137 0.12549019607843137 0.12549019607843137
            ambientIntensity 0.251
            transparency 0.0
            shininess 0.5
        }
    }
    geometry IndexedFaceSet {
        ccw TRUE
        solid FALSE
        coord DEF co Coordinate {
            point [
                4.2126 0.8366 0.0, 3.7321 0.8366 0.0, 3.7321 0.8366 0.8048, 2.3733 0.8366 1.2838, 2.3733 0.8366 1.1419, 2.3095 0.8366 1.1419, 1.9505 0.8366 1.0298, 1.8998 0.8366 1.0298, 1.8998 0.8366 1.0754, 2.1203 0.8366 0.8691, 2.1272 0.8366 0.8683, 2.0871 0.8366 0.8683, 1.7741 0.8366 1.1237, 1.7905 0.8366 1.1675, 1.8492 0.8366 1.1675, 2.6621 0.8366 1.2247, 2.6378 0.8366 1.1776, 2.4595 0.8366 1.2852, 2.6313 0.8366 1.1754, 2.5975 0.8366 1.1583, 2.7501 0.8366 1.3017, 2.7255 0.8366 1.2852, 2.6993 0.8366 1.2676, 2.8346 0.8366 2.7697, 3.7321 0.8366 2.7697, 2.8346 0.8366 2.3622, 3.7321 0.8366 1.2852, 2.8072 0.8366 1.3218, 2.4595 0.8366 2.3622, 2.8542 0.8366 1.3268, 2.9107 0.8366 1.3198, 2.9632 0.8366 1.2995, 3.2422 0.8366 1.1082, 3.2487 0.8366 1.0754, 3.7321 0.8366 1.0754, 3.2511 0.8366 1.0632, 2.9863 0.8366 1.2852, 2.9908 0.8366 1.2824, 3.2231 0.8366 1.1486, 3.198 0.8366 1.1799, 3.188 0.8366 1.1892, 3.1498 0.8366 1.2149, 3.1073 0.8366 1.2301, 3.0671 0.8366 1.2345, 3.0176 0.8366 1.2595, 3.054 0.8366 1.2338, 3.0409 0.8366 1.2323, 3.1126 0.8366 0.8713, 3.1321 0.8366 0.8775, 3.7321 0.8366 0.8683, 3.1726 0.8366 0.8987, 3.2037 0.8366 0.926, 3.2079 0.8366 0.9308, 3.2319 0.8366 0.9674, 3.2471 0.8366 1.0101, 3.2515 0.8366 1.0501, 3.062 0.8366 0.8093, 3.0843 0.8366 0.8261, 3.1012 0.8366 0.847, 3.1112 0.8366 0.8683, 2.4595 0.8366 0.0, 2.4595 0.8366 0.8048, 2.9573 0.8366 0.8048, 3.0358 0.8366 0.7982, 3.0515 0.8366 0.8048, 2.9769 0.8366 0.7973, 3.0045 0.8366 0.7939, 3.0089 0.8366 0.794, 2.4595 0.8366 0.8683, 2.8977 0.8366 0.8683, 2.8978 0.8366 0.868, 2.9113 0.8366 0.8426, 2.9289 0.8366 0.8228, 2.9515 0.8366 0.807, 2.5672 0.8366 0.9203, 2.5994 0.8366 0.8933, 2.5454 0.8366 0.9505, 2.9191 0.8366 0.9841, 2.7665 0.8366 1.0638, 2.9389 0.8366 1.0022, 2.9631 0.8366 1.0151, 2.5963 0.8366 1.0372, 2.6016 0.8366 1.059, 2.6103 0.8366 1.0754, 3.177 0.8366 1.0754, 2.5668 0.8366 1.132, 2.5438 0.8366 1.0995, 2.4595 0.8366 1.0754, 2.5343 0.8366 1.0754, 2.5301 0.8366 1.0647, 2.7442 0.8366 0.9386, 2.7312 0.8366 1.0034, 2.752 0.8366 0.9356, 2.7591 0.8366 0.9308, 2.7437 0.8366 0.8699, 2.7513 0.8366 0.8727, 2.7588 0.8366 0.8778, 2.7622 0.8366 0.8812, 3.1703 0.8366 1.0071, 3.1567 0.8366 0.9838, 3.0989 0.8366 0.9722, 3.1363 0.8366 0.9629, 3.1115 0.8366 0.9476, 3.0567 0.8366 1.0098, 3.08 0.8366 0.9937, 3.1798 0.8366 1.0524, 3.1785 0.8366 1.035, 2.7358 0.8366 0.9397, 2.7346 0.8366 0.9396, 2.7312 0.8366 0.9388, 2.6343 0.8366 0.8766, 2.6709 0.8366 0.8691, 2.738 0.8366 0.8691, 3.0316 0.8366 1.0194, 3.0045 0.8366 1.0228, 2.9906 0.8366 1.0219, 2.5251 0.8366 1.0285, 2.5252 0.8366 1.0237, 2.5307 0.8366 0.9864, 2.771 0.8366 0.9044, 2.7709 0.8366 0.9075, 2.8906 0.8366 0.9192, 2.769 0.8366 0.9162, 2.7649 0.8366 0.9242, 2.7671 0.8366 0.8884, 2.77 0.8366 0.8961, 2.8912 0.8366 0.8961, 2.8906 0.8366 0.9078, 2.6188 0.8366 0.9671, 2.6063 0.8366 0.9849, 2.5984 0.8366 1.0052, 2.5957 0.8366 1.0273, 2.7289 0.8366 0.9385, 2.6777 0.8366 0.9385, 2.6574 0.8366 0.9424, 2.6373 0.8366 0.9517, 2.6204 0.8366 0.9654, 2.74 0.8366 1.2115, 2.7481 0.8366 1.219, 3.0056 0.8366 1.1492, 2.7153 0.8366 1.18, 3.0139 0.8366 1.1537, 3.0395 0.8366 1.163, 2.6121 0.8366 1.0787, 2.6254 0.8366 1.0935, 2.6845 0.8366 1.1161, 2.643 0.8366 1.1058, 2.6629 0.8366 1.1135, 2.6936 0.8366 1.1161, 2.699 0.8366 1.1427, 2.7802 0.8366 1.2408, 2.8161 0.8366 1.2541, 2.9893 0.8366 1.1834, 2.853 0.8366 1.2585, 3.1057 0.8366 1.159, 3.1311 0.8366 1.1456, 3.0776 0.8366 1.1656, 3.1509 0.8366 1.128, 3.1667 0.8366 1.1053, 2.8954 0.8366 1.2529, 2.9326 0.8366 1.2377, 2.9642 0.8366 1.2142, 3.0659 0.8366 1.1662, 3.1764 0.8366 1.0799, 1.7513 0.8366 1.1237, 1.8492 0.8366 1.0754, -0.5118 0.8366 1.0754, -0.5118 0.8366 1.2852, 1.8123 0.8366 1.2838, 1.8492 0.8366 1.2852, 1.8344 0.8366 1.2838, 1.8492 0.8366 1.2448, 1.8725 0.8366 1.1237, 1.8954 0.8366 1.1237, 1.8571 0.8366 1.1675, 2.0649 0.8366 1.1419, 2.0649 0.8366 1.1237, 2.0498 0.8366 1.0754, 2.0685 0.8366 1.2654, 2.0498 0.8366 1.2852, 2.0685 0.8366 1.2838, 2.0871 0.8366 1.2852, 2.0871 0.8366 1.2838, 2.1303 0.8366 1.1958, 2.1303 0.8366 1.1419, 2.0871 0.8366 1.1958, 2.0871 0.8366 1.1419, 2.0731 0.8366 1.1958, 2.0731 0.8366 1.2141, 2.1303 0.8366 1.2654, 2.1303 0.8366 1.2141, 2.0871 0.8366 1.2654, 2.0871 0.8366 1.2141, 2.0871 0.8366 1.0754, 2.0871 0.8366 1.1237, 2.1603 0.8366 1.0754, 2.151 0.8366 1.2838, 2.1603 0.8366 1.2852, 2.151 0.8366 1.1237, 2.1831 0.8366 1.28, 2.1999 0.8366 1.2848, 2.204 0.8366 1.2852, 2.1831 0.8366 1.2583, 2.2958 0.8366 1.0754, 2.2695 0.8366 1.1321, 2.2824 0.8366 1.1428, 2.1858 0.8366 1.1289, 2.203 0.8366 1.1233, 2.2011 0.8366 1.2655, 2.2208 0.8366 1.2678, 2.2813 0.8366 1.2019, 2.2734 0.8366 1.1671, 2.2656 0.8366 1.1562, 2.2624 0.8366 1.1531, 2.252 0.8366 1.1457, 2.2169 0.8366 1.1397, 2.1988 0.8366 1.143, 2.1831 0.8366 1.1501, 2.1831 0.8366 1.1303, 2.2274 0.8366 1.121, 2.2371 0.8366 1.1214, 2.2544 0.8366 1.125, 2.2405 0.8366 1.1413, 2.2244 0.8366 1.1394, 2.2644 0.8366 1.2501, 2.2732 0.8366 1.2379, 2.2535 0.8366 1.2591, 2.2409 0.8366 1.2649, 2.227 0.8366 1.2676, 2.2786 0.8366 1.2241, 2.1849 0.8366 1.2593, 2.2811 0.8366 1.196, 2.2785 0.8366 1.18, 2.2208 0.8366 1.2865, 2.1603 0.8366 2.3622, 2.221 0.8366 1.2865, 2.2958 0.8366 2.3622, 2.2321 0.8366 1.2852, 2.2958 0.8366 1.2852, 2.2915 0.8366 1.2478, 2.2798 0.8366 1.2629, 2.276 0.8366 1.2666, 2.261 0.8366 1.2771, 2.2443 0.8366 1.2837, 2.2932 0.8366 1.1577, 2.2958 0.8366 1.1644, 2.3054 0.8366 1.0754, 2.3054 0.8366 1.2852, 2.2991 0.8366 1.23, 2.2958 0.8366 1.2376, 2.2998 0.8366 1.1744, 2.303 0.8366 1.2007, 2.3027 0.8366 1.2091, 3.7205 0.8366 4.2126, 3.7321 0.8366 4.2126, 3.7205 0.8366 3.5433, 3.3268 0.8366 3.5433, 3.3268 0.8366 4.2126, 2.8346 0.8366 4.2126, 2.3054 0.8366 2.3622, 2.0871 0.8366 2.3622, 2.0498 0.8366 2.3622, 1.9613 0.8366 2.3622, 1.9613 0.8366 1.2852, 1.8998 0.8366 2.3622, -0.5118 0.8366 2.3622, 1.8492 0.8366 2.3622, 1.8998 0.8366 1.2852, 1.9047 0.8366 1.1956, 1.9086 0.8366 1.1769, 1.9165 0.8366 1.1603, 1.9284 0.8366 1.1461, 1.9613 0.8366 1.2799, 1.9452 0.8366 1.274, 1.9129 0.8366 1.2432, 1.907 0.8366 1.228, 1.9043 0.8366 1.2058, 1.9284 0.8366 1.2626, 1.9229 0.8366 1.2572, 1.945 0.8366 1.1342, 1.9613 0.8366 1.1278, 1.9613 0.8366 1.0754, 1.9632 0.8366 1.127, 1.9906 0.8366 1.1237, 2.0346 0.8366 1.1237, 2.0346 0.8366 1.2838, 1.989 0.8366 1.2838, 1.9645 0.8366 1.2811, 2.2846 0.8366 0.9183, 2.2806 0.8366 0.9241, 2.2775 0.8366 0.9565, 2.2341 0.8366 0.8709, 2.2415 0.8366 0.8683, 2.2168 0.8366 0.8696, 2.2268 0.8366 0.8757, 2.2331 0.8366 0.9696, 2.24 0.8366 0.9703, 2.2507 0.8366 0.9376, 2.2721 0.8366 0.8712, 2.2958 0.8366 0.8683, 2.2644 0.8366 0.8683, 2.264 0.8366 0.8683, 2.2851 0.8366 0.884, 2.2876 0.8366 0.8907, 2.2886 0.8366 0.9002, 2.2744 0.8366 0.9294, 2.2659 0.8366 0.9338, 2.2636 0.8366 0.9652, 2.251 0.8366 0.9693, 2.2788 0.8366 0.8759, 2.2808 0.8366 0.8779, 2.2168 0.8366 0.8873, 2.2173 0.8366 0.8873, 2.2204 0.8366 0.8826, 2.2886 0.8366 0.9026, 2.2873 0.8366 0.9113, 2.1605 0.8366 0.9316, 2.1696 0.8366 0.8943, 2.1603 0.8366 0.9315, 2.1623 0.8366 0.8898, 2.1603 0.8366 0.889, 2.1637 0.8366 0.935, 2.1663 0.8366 0.9392, 2.1967 0.8366 0.9432, 2.1686 0.8366 0.9453, 2.1987 0.8366 0.9602, 2.1694 0.8366 0.9531, 2.2775 0.8366 0.976, 2.2734 0.8366 0.9783, 2.2585 0.8366 0.9841, 2.2381 0.8366 0.9866, 2.2168 0.8366 0.9423, 2.2175 0.8366 0.9511, 2.2195 0.8366 0.9583, 2.2219 0.8366 0.9624, 2.238 0.8366 0.9866, 2.2239 0.8366 0.9851, 2.2159 0.8366 0.9822, 2.2249 0.8366 0.9657, 2.2285 0.8366 0.968, 2.1631 0.8366 0.9715, 2.2096 0.8366 0.9782, 2.1688 0.8366 0.9596, 2.1666 0.8366 0.9661, 2.202 0.8366 0.9688, 2.2063 0.8366 0.9749, 2.2524 0.8366 0.8669, 2.2958 0.8366 0.8048, 2.2422 0.8366 0.868, 2.1603 0.8366 0.8048, 2.1696 0.8366 0.8736, 2.1967 0.8366 0.8696, 2.1603 0.8366 0.8704, 2.1603 0.8366 0.8683, 2.1555 0.8366 0.8687, 2.1515 0.8366 0.8683, 2.1385 0.8366 0.8669, 2.0978 0.8366 0.9815, 2.0978 0.8366 0.9621, 2.1603 0.8366 0.9741, 2.1566 0.8366 0.9775, 2.1517 0.8366 0.9805, 2.0933 0.8366 0.8927, 2.0957 0.8366 0.8863, 2.0994 0.8366 0.8811, 2.141 0.8366 0.9847, 2.1249 0.8366 0.9866, 2.1108 0.8366 0.9854, 2.099 0.8366 0.9196, 2.0953 0.8366 0.9141, 2.0932 0.8366 0.9082, 2.0923 0.8366 0.9007, 2.1052 0.8366 0.876, 2.1098 0.8366 0.8732, 2.1269 0.8366 0.9703, 2.1328 0.8366 0.9699, 2.1488 0.8366 0.9549, 2.1382 0.8366 0.9685, 2.1427 0.8366 0.9661, 2.1486 0.8366 0.9523, 2.1478 0.8366 0.9491, 2.1463 0.8366 0.9464, 2.1444 0.8366 0.9443, 2.1373 0.8366 0.9399, 2.1129 0.8366 0.9686, 2.1249 0.8366 0.9345, 2.1015 0.8366 0.9642, 2.1171 0.8366 0.9313, 2.1038 0.8366 0.9239, 2.1457 0.8366 0.9634, 2.1474 0.8366 0.9608, 2.1484 0.8366 0.9581, 2.1498 0.8366 0.8849, 2.1391 0.8366 0.9199, 2.151 0.8366 0.9254, 2.1366 0.8366 0.8833, 2.1357 0.8366 0.8833, 2.1259 0.8366 0.9144, 2.1254 0.8366 0.8845, 2.1129 0.8366 0.8988, 2.1131 0.8366 0.9013, 2.1202 0.8366 0.8863, 2.1184 0.8366 0.8875, 2.1161 0.8366 0.8895, 2.1143 0.8366 0.8921, 2.1133 0.8366 0.8949, 2.114 0.8366 0.9044, 2.1156 0.8366 0.9071, 2.1181 0.8366 0.9097, 1.9929 0.8366 0.984, 1.9721 0.8366 0.984, 1.9613 0.8366 0.8683, 2.0296 0.8366 0.898, 2.0271 0.8366 0.8886, 2.0266 0.8366 0.8886, 2.0498 0.8366 0.9561, 2.0241 0.8366 0.8979, 2.0257 0.8366 0.8925, 2.0498 0.8366 0.8683, 2.0498 0.8366 0.9023, 2.0819 0.8366 0.984, 2.0594 0.8366 0.984, 2.037 0.8366 0.8699, 2.0377 0.8366 0.8683, 2.0458 0.8366 0.8491, 2.0871 0.8366 0.8048, 2.0777 0.8366 0.8174, 2.0777 0.8366 0.8352, 2.0736 0.8366 0.8339, 2.0664 0.8366 0.8329, 2.0625 0.8366 0.8333, 2.0581 0.8366 0.8347, 2.0544 0.8366 0.837, 2.0504 0.8366 0.841, 2.0498 0.8366 0.8421, 2.0498 0.8366 0.8194, 2.0561 0.8366 0.8168, 2.0498 0.8366 0.8048, 2.0648 0.8366 0.8157, 2.0692 0.8366 0.8159, 1.9613 0.8366 0.8048, 2.0414 0.8366 0.8249, 2.0483 0.8366 0.82, 2.0177 0.8366 0.8683, 2.024 0.8366 0.8523, 2.0332 0.8366 0.8345, 1.868 0.8366 1.0298, 1.868 0.8366 1.0113, 1.8643 0.8366 0.8879, 1.8492 0.8366 0.8683, 1.8643 0.8366 0.8696, 1.8998 0.8366 0.8683, 1.9298 0.8366 0.9417, 1.9298 0.8366 0.8879, 1.8998 0.8366 0.9417, 1.8998 0.8366 0.8879, 1.8725 0.8366 0.9417, 1.8725 0.8366 0.9601, 1.8998 0.8366 0.9601, 1.8998 0.8366 1.0113, 1.9298 0.8366 0.9601, 1.9298 0.8366 1.0113, 1.8998 0.8366 0.8696, 1.9505 0.8366 0.8696, 1.672 0.8366 0.8696, 1.6948 0.8366 0.8696, 1.5736 0.8366 0.8696, 1.5899 0.8366 0.9134, 1.6566 0.8366 0.9134, 1.5507 0.8366 0.8696, -0.5118 0.8366 0.8683, 1.6117 0.8366 1.0298, 1.7081 0.8366 0.9228, 1.7042 0.8366 0.9416, 1.6338 0.8366 1.0298, 1.7037 0.8366 0.9517, 1.7064 0.8366 0.974, 1.7159 0.8366 0.9063, 1.7279 0.8366 0.8921, 1.7444 0.8366 0.8801, 1.8341 0.8366 1.0298, 1.8341 0.8366 0.8696, 1.79 0.8366 0.8696, 1.7627 0.8366 0.873, 1.7279 0.8366 1.0086, 1.7223 0.8366 1.0031, 1.7124 0.8366 0.9892, 1.7884 0.8366 1.0298, 1.764 0.8366 1.0271, 1.7446 0.8366 1.02, -0.5118 0.8366 0.8048, 1.8492 0.8366 0.8048, 1.8998 0.8366 0.8048, -0.5118 0.8366 0.0, 1.8492 0.8366 0.0, 1.8998 0.8366 0.0, 1.9613 0.8366 0.0, 2.0498 0.8366 0.0, 2.0871 0.8366 0.0, 2.1603 0.8366 0.0, 2.2958 0.8366 0.0, 2.3054 0.8366 0.0, 2.3054 0.8366 0.8048, 2.3054 0.8366 0.8683, 2.3078 0.8366 0.8879, 2.3078 0.8366 0.8696, 2.394 0.8366 0.8696, 2.3115 0.8366 1.0113, 2.394 0.8366 1.0298, 2.3115 0.8366 1.0298, 2.3733 0.8366 0.9417, 2.3733 0.8366 0.8879, 2.316 0.8366 0.9417, 2.316 0.8366 0.9601, 2.3733 0.8366 0.9601, 2.3733 0.8366 1.0113, 2.394 0.8366 1.1237, 2.394 0.8366 1.2838, 2.3095 0.8366 1.1237, 4.2126 0.8366 0.8048, 4.2126 0.8366 0.8683, 4.2126 0.8366 1.0754, 4.2126 0.8366 1.2852, 4.2126 0.8366 2.7697, 4.2126 0.8366 4.2126, 2.8346 0.7185 4.3307, 3.3268 0.7185 4.3307, 3.3268 0.7491 4.3267, 2.8346 0.7491 4.3267, 3.3268 0.7776 4.3149, 2.8346 0.7776 4.3149, 3.3268 0.802 4.2961, 2.8346 0.802 4.2961, 3.3268 0.8208 4.2717, 2.8346 0.8208 4.2717, 3.3268 0.8326 4.2432, 2.8346 0.8326 4.2432, 3.3268 -2.5886 4.3307, 2.8346 -2.5886 4.3307, 2.8346 -2.6192 4.3267, 3.3268 -2.6192 4.3267, 2.8346 -2.6476 4.3149, 3.3268 -2.6476 4.3149, 2.8346 -2.6721 4.2961, 3.3268 -2.6721 4.2961, 2.8346 -2.6909 4.2717, 3.3268 -2.6909 4.2717, 2.8346 -2.7027 4.2432, 3.3268 -2.7027 4.2432, 2.8346 -2.7067 4.2126, 3.3268 -2.7067 4.2126, -0.5118 -1.1872 4.1158, -0.5118 -0.935 4.1339, -0.5118 -2.7067 0.0, -0.5118 -0.6829 4.1158, -0.5118 -0.4359 4.0621, -0.5118 0.8186 2.6143, -0.5118 -2.0952 3.7011, -0.5118 -1.8929 3.8526, -0.5118 -2.6349 2.8613, -0.5118 -2.5466 3.0982, -0.5118 -1.671 3.9738, -0.5118 -1.4342 4.0621, -0.5118 0.7648 2.8613, -0.5118 -0.1991 3.9738, -0.5118 0.0228 3.8526, -0.5118 -2.7067 2.3622, -0.5118 -2.6887 2.6143, -0.5118 0.2251 3.7011, -0.5118 0.4039 3.5224, -0.5118 0.6765 3.0982, -0.5118 0.5554 3.32, -0.5118 -2.4255 3.32, -0.5118 -2.274 3.5224, 4.2126 -1.661 3.7071, 4.2126 -1.4674 3.8086, 4.2126 -2.5886 4.3307, 4.2126 0.3696 2.1812, 4.2126 0.4133 2.3953, 4.2126 0.4221 2.6137, 4.2126 -1.8357 3.5757, 4.2126 0.2921 1.9768, 4.2126 0.1828 1.7875, 4.2126 0.0445 1.6182, 4.2126 -0.1191 1.4732, 4.2126 -0.3038 1.3564, 4.2126 -0.5049 1.2707, 4.2126 0.1171 3.4181, 4.2126 0.2413 3.2382, 4.2126 0.335 3.0407, 4.2126 0.3958 2.8307, 4.2126 -0.7172 1.2184, 4.2126 -0.935 1.2008, 4.2126 -2.7067 0.0, 4.2126 -1.1529 1.2184, 4.2126 -1.3652 1.2707, 4.2126 -1.5663 1.3564, 4.2126 -1.751 1.4732, 4.2126 -1.9146 1.6182, 4.2126 -2.0529 1.7875, 4.2126 -2.1622 1.9768, 4.2126 -2.2397 2.1812, 4.2126 -2.6192 4.3267, 4.2126 -2.6476 4.3149, 4.2126 -2.6721 4.2961, 4.2126 -0.61 3.8779, 4.2126 -0.4026 3.8086, 4.2126 0.7185 4.3307, 4.2126 -2.6909 4.2717, 4.2126 -2.7027 4.2432, 4.2126 -1.9872 3.4181, 4.2126 -2.7067 4.2126, 4.2126 -2.1113 3.2382, 4.2126 -2.205 3.0407, 4.2126 -1.2601 3.8779, 4.2126 -1.0443 3.9129, 4.2126 -0.8257 3.9129, 4.2126 0.802 4.2961, 4.2126 0.7776 4.3149, 4.2126 -0.0343 3.5757, 4.2126 -2.2834 2.3953, 4.2126 -2.2922 2.6137, 4.2126 -2.2659 2.8307, 4.2126 0.8208 4.2717, 4.2126 -0.2091 3.7071, 4.2126 0.7491 4.3267, 4.2126 0.8326 4.2432, 2.8346 -2.7067 2.3622, 3.7205 -2.7067 4.2126, 3.7205 -2.7067 3.5433, 3.3268 -2.7067 3.5433, 3.7205 -2.1161 4.3307, 3.7205 -2.5886 4.3307, 3.3268 0.2461 4.3307, 3.7205 0.7185 4.3307, 3.7205 0.2461 4.3307, 3.3268 -2.1161 4.3307, 2.8346 -0.1991 3.9738, 2.8346 -0.4359 4.0621, 2.8346 -0.6829 4.1158, 2.8346 -0.935 4.1339, 2.8346 -1.1872 4.1158, 2.8346 -1.4342 4.0621, 2.8346 0.6765 3.0982, 2.8346 0.7648 2.8613, 2.8346 0.8186 2.6143, 2.8346 0.2251 3.7011, 2.8346 0.0228 3.8526, 2.8346 -2.0952 3.7011, 2.8346 -2.274 3.5224, 2.8346 -2.4255 3.32, 2.8346 -2.5466 3.0982, 2.8346 0.5554 3.32, 2.8346 0.4039 3.5224, 2.8346 -2.6349 2.8613, 2.8346 -2.6887 2.6143, 2.8346 -1.671 3.9738, 2.8346 -1.8929 3.8526, 3.7205 0.7491 4.3267, 3.7205 0.7776 4.3149, 3.7205 0.802 4.2961, 3.7205 0.8208 4.2717, 3.7205 0.8326 4.2432, 3.7205 -2.6192 4.3267, 3.7205 -2.6476 4.3149, 3.7205 -2.6721 4.2961, 3.7205 -2.6909 4.2717, 3.7205 -2.7027 4.2432, 4.1339 -0.935 1.2795, 4.1339 -0.7298 1.2961, 0.2756 -0.935 1.2795, 0.2756 -0.7244 1.297, 4.1339 -0.7245 1.2974, 4.1339 -0.5299 1.3454, 0.2756 -0.5196 1.3489, 4.1339 -0.5199 1.3496, 4.1339 -0.3404 1.4261, 0.2756 -0.3261 1.4337, 4.1339 -0.3267 1.4348, 4.1339 -0.1664 1.5361, 0.2756 -0.1491 1.5493, 4.1339 -0.1502 1.5505, 4.1339 -0.0122 1.6727, 0.2756 0.0063 1.6925, 4.1339 0.0049 1.6937, 4.1339 0.118 1.8322, 0.2756 0.1361 1.8592, 4.1339 0.1342 1.8603, 4.1339 0.2209 2.0105, 0.2756 0.2367 2.0451, 4.1339 0.2344 2.046, 4.1339 0.294 2.2031, 0.2756 0.3053 2.245, 4.1339 0.3026 2.2455, 4.1339 0.3352 2.4048, 0.2756 0.3401 2.4534, 4.1339 0.3371 2.4535, 4.1339 0.3434 2.6106, 0.2756 0.3401 2.6647, 4.1339 0.3369 2.6643, 4.1339 0.3186 2.815, 0.2756 0.3053 2.8732, 4.1339 0.3021 2.8722, 4.1339 0.2613 3.0128, 0.2756 0.2367 3.073, 4.1339 0.2335 3.0715, 4.1339 0.1731 3.1988, 0.2756 0.1361 3.2589, 4.1339 0.1331 3.2568, 4.1339 0.0561 3.3683, 0.2756 0.0063 3.4257, 4.1339 0.0036 3.423, 4.1339 -0.0866 3.5168, 0.2756 -0.1491 3.5688, 4.1339 -0.1515 3.5656, 4.1339 -0.2512 3.6405, 0.2756 -0.3261 3.6844, 4.1339 -0.3279 3.6808, 4.1339 -0.4335 3.7362, 0.2756 -0.5196 3.7693, 4.1339 -0.5209 3.7654, 4.1339 -0.6288 3.8014, 0.2756 -0.7244 3.8211, 4.1339 -0.7251 3.8171, 4.1339 -0.8321 3.8344, 0.2756 -0.935 3.8386, 4.1339 -0.935 3.8344, 4.1339 -1.038 3.8344, 0.2756 -1.1456 3.8211, 4.1339 -1.145 3.8171, 4.1339 -1.2413 3.8014, 0.2756 -1.3505 3.7693, 4.1339 -1.3492 3.7654, 4.1339 -1.4366 3.7362, 0.2756 -1.544 3.6844, 4.1339 -1.5421 3.6808, 4.1339 -1.6189 3.6405, 0.2756 -1.7209 3.5688, 4.1339 -1.7186 3.5656, 4.1339 -1.7835 3.5168, 0.2756 -1.8764 3.4257, 4.1339 -1.8736 3.423, 4.1339 -1.9262 3.3683, 0.2756 -2.0062 3.2589, 4.1339 -2.0031 3.2568, 4.1339 -2.0431 3.1988, 0.2756 -2.1068 3.073, 4.1339 -2.1036 3.0715, 4.1339 -2.1314 3.0128, 0.2756 -2.1754 2.8732, 4.1339 -2.1721 2.8722, 4.1339 -2.1887 2.815, 0.2756 -2.2102 2.6647, 4.1339 -2.207 2.6643, 4.1339 -2.2135 2.6106, 0.2756 -2.2102 2.4534, 4.1339 -2.2072 2.4535, 4.1339 -2.2052 2.4048, 0.2756 -2.1754 2.245, 4.1339 -2.1727 2.2455, 4.1339 -2.164 2.2031, 0.2756 -2.1068 2.0451, 4.1339 -2.1045 2.046, 4.1339 -2.091 2.0105, 0.2756 -2.0062 1.8592, 4.1339 -2.0043 1.8603, 4.1339 -1.9881 1.8322, 0.2756 -1.8764 1.6925, 4.1339 -1.875 1.6937, 4.1339 -1.8578 1.6727, 0.2756 -1.7209 1.5493, 4.1339 -1.7199 1.5505, 4.1339 -1.7037 1.5361, 0.2756 -1.544 1.4337, 4.1339 -1.5434 1.4348, 0.2756 -1.3505 1.3489, 4.1339 -1.5297 1.4261, 4.1339 -1.3502 1.3496, 0.2756 -1.1456 1.297, 4.1339 -1.3402 1.3454, 4.1339 -1.1455 1.2974, 4.1339 -1.1403 1.2961, 0.2756 -0.935 2.9528, 0.2756 -1.0369 2.9393, 0.2756 -1.1319 2.9, 0.2756 -0.8331 2.9393, 0.2756 -0.5548 2.661, 0.2756 -0.5941 2.7559, 0.2756 -0.6567 2.8374, 0.2756 -0.5548 2.4572, 0.2756 -0.5413 2.5591, 0.2756 -0.7382 2.2181, 0.2756 -0.6567 2.2807, 0.2756 -0.5941 2.3622, 0.2756 -0.7382 2.9, 0.2756 -0.935 2.1654, 0.2756 -0.8331 2.1788, 0.2756 -1.3153 2.661, 0.2756 -1.276 2.7559, 0.2756 -1.2134 2.8374, 0.2756 -1.0369 2.1788, 0.2756 -1.3153 2.4572, 0.2756 -1.276 2.3622, 0.2756 -1.2134 2.2807, 0.2756 -1.3287 2.5591, 0.2756 -1.1319 2.2181
            ]
        }
        coordIndex [
            0,1,2,-1,3,4,5,-1,6,7,8,-1,9,10,11,-1,12,13,14,-1,15,16,17,-1,17,16,18,-1,17,18,19,-1,20,21,17,-1,17,21,22,-1,17,22,15,-1,23,24,25,-1,25,24,26,-1,27,28,29,-1,29,28,25,-1,29,25,30,-1,30,25,31,-1,32,26,33,-1,33,26,34,-1,33,34,35,-1,31,25,36,-1,36,25,26,-1,36,26,37,-1,32,38,26,-1,26,38,39,-1,26,39,40,-1,40,41,26,-1,26,41,42,-1,26,42,37,-1,37,42,43,-1,37,43,44,-1,44,43,45,-1,44,45,46,-1,47,48,49,-1,48,50,49,-1,49,50,51,-1,49,51,52,-1,52,53,49,-1,49,53,54,-1,49,54,34,-1,34,54,55,-1,34,55,35,-1,56,57,2,-1,2,57,58,-1,2,58,49,-1,49,58,59,-1,49,59,47,-1,60,61,62,-1,1,63,2,-1,2,63,64,-1,2,64,56,-1,62,65,60,-1,60,65,66,-1,60,66,1,-1,1,66,67,-1,1,67,63,-1,68,69,61,-1,61,69,70,-1,61,70,71,-1,71,72,61,-1,61,72,73,-1,61,73,62,-1,74,75,68,-1,74,68,76,-1,77,78,79,-1,79,78,80,-1,81,82,78,-1,78,82,83,-1,78,83,84,-1,19,85,17,-1,17,85,86,-1,17,86,87,-1,87,86,88,-1,87,88,89,-1,90,91,92,-1,92,91,93,-1,94,95,69,-1,69,95,96,-1,69,96,97,-1,98,99,100,-1,100,99,101,-1,100,101,102,-1,103,84,104,-1,104,84,105,-1,104,105,100,-1,100,105,106,-1,100,106,98,-1,90,107,91,-1,91,107,108,-1,91,108,109,-1,75,110,68,-1,68,110,111,-1,68,111,69,-1,69,111,112,-1,69,112,94,-1,103,113,84,-1,84,113,114,-1,84,114,78,-1,78,114,115,-1,78,115,80,-1,89,116,87,-1,87,116,117,-1,87,117,68,-1,68,117,118,-1,68,118,76,-1,119,120,121,-1,121,120,122,-1,121,122,91,-1,91,122,123,-1,91,123,93,-1,97,124,69,-1,69,124,125,-1,69,125,126,-1,126,125,119,-1,126,119,127,-1,127,119,121,-1,128,129,91,-1,91,129,130,-1,91,130,78,-1,78,130,131,-1,78,131,81,-1,109,132,91,-1,91,132,133,-1,91,133,134,-1,134,135,91,-1,91,135,136,-1,91,136,128,-1,137,138,139,-1,137,139,140,-1,83,139,84,-1,84,139,141,-1,84,141,142,-1,143,144,145,-1,145,144,146,-1,145,146,147,-1,143,145,83,-1,83,145,148,-1,83,148,139,-1,139,148,149,-1,139,149,140,-1,138,150,139,-1,139,150,151,-1,139,151,152,-1,152,151,153,-1,154,155,156,-1,156,155,157,-1,156,157,158,-1,159,160,153,-1,153,160,161,-1,153,161,152,-1,142,162,84,-1,84,162,156,-1,84,156,163,-1,163,156,158,-1,164,12,165,-1,166,167,168,-1,168,167,169,-1,168,169,170,-1,170,169,171,-1,172,173,8,-1,12,14,165,-1,165,14,174,-1,165,174,172,-1,175,176,177,-1,178,179,180,-1,180,179,181,-1,180,181,182,-1,183,184,185,-1,185,184,186,-1,185,186,187,-1,187,186,175,-1,187,175,188,-1,189,190,191,-1,191,190,192,-1,191,192,178,-1,177,176,193,-1,193,176,194,-1,193,194,195,-1,182,181,196,-1,196,181,197,-1,196,197,198,-1,199,197,200,-1,200,197,201,-1,194,198,195,-1,195,198,197,-1,195,197,202,-1,202,197,199,-1,203,204,205,-1,206,207,195,-1,208,209,210,-1,211,212,202,-1,202,212,213,-1,202,213,214,-1,215,216,202,-1,202,216,217,-1,202,217,195,-1,195,217,218,-1,195,218,206,-1,219,220,203,-1,203,220,221,-1,203,221,204,-1,214,222,202,-1,202,222,223,-1,202,223,215,-1,224,225,226,-1,226,225,227,-1,209,228,210,-1,210,228,227,-1,210,227,229,-1,229,227,225,-1,208,210,230,-1,230,210,231,-1,230,231,202,-1,202,231,232,-1,202,232,211,-1,233,234,235,-1,235,234,236,-1,235,236,237,-1,238,239,240,-1,240,241,238,-1,238,241,242,-1,238,242,243,-1,205,244,203,-1,203,244,245,-1,203,245,246,-1,247,248,238,-1,238,248,249,-1,238,249,239,-1,245,250,246,-1,246,250,251,-1,246,251,247,-1,247,251,252,-1,247,252,248,-1,253,254,255,-1,255,254,24,-1,255,24,256,-1,256,24,23,-1,256,23,257,-1,257,23,258,-1,243,237,238,-1,238,237,236,-1,238,236,247,-1,247,236,259,-1,247,259,17,-1,17,259,28,-1,17,28,20,-1,20,28,27,-1,233,201,234,-1,234,201,197,-1,234,197,260,-1,260,197,181,-1,260,181,261,-1,261,181,179,-1,261,179,262,-1,262,179,263,-1,262,263,264,-1,167,265,169,-1,169,265,266,-1,169,266,267,-1,267,266,264,-1,268,269,8,-1,8,269,270,-1,8,270,271,-1,264,263,267,-1,267,263,272,-1,267,272,273,-1,274,275,267,-1,267,275,276,-1,273,277,267,-1,267,277,278,-1,267,278,274,-1,171,169,173,-1,173,169,267,-1,173,267,8,-1,8,267,276,-1,8,276,268,-1,279,280,281,-1,281,280,282,-1,283,284,177,-1,177,284,179,-1,177,179,175,-1,175,179,178,-1,175,178,188,-1,188,178,192,-1,284,285,179,-1,179,285,286,-1,179,286,263,-1,263,286,287,-1,263,287,272,-1,288,289,290,-1,291,292,293,-1,291,293,294,-1,295,296,297,-1,298,299,300,-1,300,299,301,-1,302,303,299,-1,299,303,304,-1,289,305,290,-1,290,305,306,-1,290,306,307,-1,307,306,297,-1,307,297,308,-1,308,297,296,-1,298,309,299,-1,299,309,310,-1,299,310,302,-1,311,312,293,-1,293,312,313,-1,293,313,294,-1,203,314,315,-1,316,317,318,-1,318,317,319,-1,318,319,320,-1,321,322,323,-1,323,322,324,-1,323,324,325,-1,325,324,326,-1,288,290,315,-1,315,290,327,-1,315,327,203,-1,327,328,203,-1,203,328,329,-1,203,329,330,-1,331,332,297,-1,297,332,333,-1,297,333,334,-1,330,335,203,-1,203,335,336,-1,203,336,337,-1,334,338,297,-1,297,338,339,-1,297,339,295,-1,207,219,195,-1,195,219,203,-1,195,203,340,-1,340,203,337,-1,340,337,341,-1,326,342,325,-1,325,342,343,-1,325,343,344,-1,344,343,340,-1,344,340,345,-1,345,340,341,-1,346,347,348,-1,348,347,349,-1,348,349,292,-1,316,321,317,-1,317,321,323,-1,317,323,350,-1,350,323,351,-1,350,351,352,-1,352,351,353,-1,352,353,354,-1,354,353,355,-1,356,355,349,-1,349,355,353,-1,349,353,292,-1,292,353,351,-1,292,351,293,-1,357,358,11,-1,340,359,195,-1,195,359,360,-1,195,360,361,-1,362,363,11,-1,11,363,364,-1,361,365,195,-1,195,365,366,-1,195,366,193,-1,193,366,367,-1,193,367,357,-1,368,369,358,-1,358,369,370,-1,358,370,11,-1,11,370,371,-1,11,371,362,-1,364,372,11,-1,11,372,373,-1,11,373,9,-1,374,375,376,-1,376,375,377,-1,376,377,378,-1,376,379,374,-1,374,379,380,-1,374,380,381,-1,381,382,374,-1,374,382,383,-1,374,383,384,-1,384,383,385,-1,384,385,386,-1,386,385,387,-1,386,387,358,-1,358,387,388,-1,358,388,368,-1,389,390,378,-1,378,390,391,-1,378,391,376,-1,392,393,320,-1,320,393,394,-1,320,394,318,-1,392,395,393,-1,393,395,396,-1,393,396,397,-1,397,396,398,-1,397,399,400,-1,398,401,397,-1,397,401,402,-1,397,402,403,-1,403,404,397,-1,397,404,405,-1,397,405,399,-1,400,406,397,-1,397,406,407,-1,397,407,408,-1,409,410,281,-1,281,410,411,-1,412,413,414,-1,282,283,281,-1,281,283,177,-1,281,177,409,-1,409,177,415,-1,409,415,416,-1,416,415,412,-1,416,412,417,-1,417,412,414,-1,418,419,11,-1,11,419,420,-1,357,11,193,-1,193,11,420,-1,193,420,177,-1,177,420,421,-1,177,421,415,-1,422,419,423,-1,423,419,418,-1,423,418,424,-1,425,426,427,-1,356,349,10,-1,10,349,425,-1,10,425,11,-1,11,425,427,-1,11,427,418,-1,418,427,428,-1,418,428,429,-1,429,430,418,-1,418,430,431,-1,418,431,432,-1,432,433,418,-1,418,433,434,-1,418,434,424,-1,435,436,437,-1,437,436,438,-1,437,438,425,-1,425,438,439,-1,425,439,426,-1,440,441,437,-1,437,441,442,-1,437,442,435,-1,443,444,440,-1,440,444,445,-1,440,445,441,-1,172,8,165,-1,165,8,7,-1,165,7,446,-1,446,447,165,-1,165,447,448,-1,165,448,449,-1,449,448,450,-1,449,450,451,-1,452,453,454,-1,454,453,455,-1,454,455,456,-1,456,455,448,-1,456,448,457,-1,457,448,447,-1,457,447,458,-1,458,447,459,-1,458,459,460,-1,460,459,461,-1,450,462,451,-1,451,462,463,-1,451,463,411,-1,411,463,6,-1,411,6,281,-1,281,6,8,-1,281,8,279,-1,279,8,271,-1,464,465,449,-1,466,467,468,-1,468,464,466,-1,466,464,449,-1,466,449,469,-1,469,449,470,-1,469,470,471,-1,471,470,166,-1,472,465,473,-1,473,465,474,-1,473,474,475,-1,475,474,476,-1,472,477,465,-1,465,477,478,-1,465,478,479,-1,480,165,481,-1,481,165,449,-1,481,449,482,-1,482,449,465,-1,482,465,483,-1,483,465,479,-1,168,164,166,-1,166,164,165,-1,166,165,471,-1,471,165,474,-1,484,485,474,-1,474,485,486,-1,474,486,476,-1,480,487,165,-1,165,487,488,-1,165,488,474,-1,474,488,489,-1,474,489,484,-1,490,470,491,-1,491,470,449,-1,491,449,492,-1,492,449,451,-1,492,451,440,-1,440,451,411,-1,440,411,443,-1,443,411,410,-1,493,490,494,-1,494,490,491,-1,494,491,495,-1,495,491,492,-1,495,492,496,-1,496,492,440,-1,496,440,497,-1,497,440,437,-1,497,437,498,-1,498,437,425,-1,498,425,499,-1,499,425,349,-1,499,349,500,-1,500,349,347,-1,500,347,501,-1,501,347,502,-1,501,502,60,-1,346,301,347,-1,347,301,299,-1,347,299,502,-1,502,299,503,-1,504,505,503,-1,503,505,506,-1,304,314,299,-1,299,314,203,-1,299,203,503,-1,503,203,246,-1,503,246,504,-1,504,246,507,-1,60,502,61,-1,61,502,503,-1,61,503,68,-1,68,503,506,-1,68,506,87,-1,87,506,508,-1,87,508,246,-1,246,508,509,-1,246,509,507,-1,510,511,512,-1,512,511,504,-1,512,504,513,-1,513,504,507,-1,513,507,514,-1,514,507,515,-1,516,517,17,-1,17,517,3,-1,17,3,247,-1,247,3,5,-1,247,5,246,-1,246,5,518,-1,246,518,87,-1,87,518,516,-1,87,516,17,-1,0,2,519,-1,519,2,49,-1,519,49,520,-1,520,49,34,-1,520,34,521,-1,521,34,26,-1,521,26,522,-1,522,26,24,-1,522,24,523,-1,523,24,254,-1,523,254,524,-1,525,526,527,-1,525,527,528,-1,528,527,529,-1,528,529,530,-1,530,529,531,-1,530,531,532,-1,532,531,533,-1,532,533,534,-1,534,533,535,-1,534,535,536,-1,536,535,257,-1,536,257,258,-1,537,538,539,-1,537,539,540,-1,540,539,541,-1,540,541,542,-1,542,541,543,-1,542,543,544,-1,544,543,545,-1,544,545,546,-1,546,545,547,-1,546,547,548,-1,548,547,549,-1,548,549,550,-1,551,552,265,-1,166,470,553,-1,553,470,490,-1,553,490,493,-1,552,554,265,-1,265,554,555,-1,265,555,556,-1,557,558,265,-1,559,560,265,-1,558,561,265,-1,265,561,562,-1,265,562,551,-1,556,555,563,-1,563,555,564,-1,563,564,565,-1,166,553,167,-1,167,553,566,-1,167,566,265,-1,265,566,567,-1,265,567,559,-1,565,568,563,-1,563,568,569,-1,563,569,570,-1,570,569,571,-1,560,572,265,-1,265,572,573,-1,265,573,557,-1,574,575,576,-1,577,522,578,-1,578,522,523,-1,578,523,579,-1,574,576,580,-1,577,581,522,-1,522,581,582,-1,522,582,521,-1,521,582,583,-1,521,583,520,-1,520,583,519,-1,519,583,584,-1,519,584,0,-1,0,584,585,-1,0,585,586,-1,587,588,524,-1,524,588,589,-1,524,589,523,-1,523,589,590,-1,523,590,579,-1,586,591,0,-1,0,591,592,-1,0,592,593,-1,593,592,594,-1,593,594,595,-1,595,596,593,-1,593,596,597,-1,593,597,598,-1,598,599,593,-1,593,599,600,-1,593,600,601,-1,576,602,580,-1,580,602,603,-1,580,603,604,-1,605,606,607,-1,604,608,580,-1,580,608,609,-1,580,609,610,-1,610,609,611,-1,610,611,612,-1,612,611,613,-1,575,614,576,-1,576,614,615,-1,576,615,607,-1,607,615,616,-1,607,616,605,-1,617,618,619,-1,601,620,593,-1,593,620,621,-1,593,621,611,-1,611,621,622,-1,611,622,613,-1,617,619,623,-1,606,624,607,-1,607,624,619,-1,607,619,625,-1,625,619,618,-1,587,524,619,-1,619,524,626,-1,619,626,623,-1,566,553,627,-1,627,553,593,-1,611,628,629,-1,550,549,630,-1,630,549,627,-1,630,627,629,-1,629,627,593,-1,629,593,611,-1,495,593,494,-1,494,593,553,-1,494,553,493,-1,495,496,593,-1,593,496,497,-1,593,497,498,-1,498,499,593,-1,593,499,500,-1,593,500,501,-1,501,60,593,-1,593,60,1,-1,593,1,0,-1,631,632,576,-1,633,526,525,-1,607,634,635,-1,538,537,636,-1,576,607,631,-1,631,607,635,-1,631,635,636,-1,636,635,633,-1,636,633,538,-1,538,633,525,-1,525,637,638,-1,638,639,525,-1,525,639,640,-1,525,640,538,-1,538,640,641,-1,538,641,642,-1,643,258,644,-1,644,258,23,-1,644,23,645,-1,645,23,25,-1,532,646,530,-1,530,646,528,-1,528,646,525,-1,525,646,647,-1,525,647,637,-1,648,649,549,-1,549,649,650,-1,549,650,651,-1,643,652,258,-1,258,652,653,-1,258,653,536,-1,536,653,646,-1,536,646,534,-1,534,646,532,-1,651,654,549,-1,549,654,655,-1,549,655,627,-1,549,547,648,-1,648,547,545,-1,648,545,543,-1,642,656,538,-1,538,656,657,-1,538,657,539,-1,539,657,648,-1,539,648,541,-1,541,648,543,-1,566,627,655,-1,566,655,567,-1,567,655,654,-1,567,654,559,-1,559,654,651,-1,559,651,560,-1,560,651,650,-1,560,650,572,-1,572,650,649,-1,572,649,573,-1,573,649,648,-1,573,648,557,-1,557,648,657,-1,557,657,558,-1,558,657,656,-1,558,656,561,-1,561,656,642,-1,561,642,562,-1,562,642,641,-1,562,641,551,-1,551,641,640,-1,551,640,552,-1,266,265,556,-1,25,28,645,-1,645,28,259,-1,645,259,236,-1,236,234,645,-1,645,234,260,-1,645,260,261,-1,261,262,645,-1,645,262,264,-1,645,264,266,-1,266,556,645,-1,645,556,563,-1,645,563,644,-1,644,563,570,-1,644,570,643,-1,643,570,571,-1,643,571,652,-1,652,571,569,-1,652,569,653,-1,653,569,568,-1,653,568,646,-1,646,568,565,-1,646,565,647,-1,647,565,564,-1,647,564,637,-1,637,564,555,-1,637,555,638,-1,638,555,554,-1,638,554,639,-1,639,554,552,-1,639,552,640,-1,634,607,625,-1,626,524,254,-1,634,625,658,-1,658,625,618,-1,658,618,659,-1,659,618,617,-1,659,617,660,-1,660,617,623,-1,660,623,661,-1,661,623,626,-1,661,626,662,-1,662,626,254,-1,662,254,253,-1,576,632,663,-1,576,663,602,-1,602,663,664,-1,602,664,603,-1,603,664,665,-1,603,665,604,-1,604,665,666,-1,604,666,608,-1,608,666,667,-1,608,667,609,-1,609,667,628,-1,609,628,611,-1,668,669,670,-1,670,669,671,-1,669,672,671,-1,671,672,673,-1,671,673,674,-1,673,675,674,-1,674,675,676,-1,674,676,677,-1,676,678,677,-1,677,678,679,-1,677,679,680,-1,679,681,680,-1,680,681,682,-1,680,682,683,-1,682,684,683,-1,683,684,685,-1,683,685,686,-1,685,687,686,-1,686,687,688,-1,686,688,689,-1,688,690,689,-1,689,690,691,-1,689,691,692,-1,691,693,692,-1,692,693,694,-1,692,694,695,-1,694,696,695,-1,695,696,697,-1,695,697,698,-1,697,699,698,-1,698,699,700,-1,698,700,701,-1,700,702,701,-1,701,702,703,-1,701,703,704,-1,703,705,704,-1,704,705,706,-1,704,706,707,-1,706,708,707,-1,707,708,709,-1,707,709,710,-1,709,711,710,-1,710,711,712,-1,710,712,713,-1,712,714,713,-1,713,714,715,-1,713,715,716,-1,715,717,716,-1,716,717,718,-1,716,718,719,-1,718,720,719,-1,719,720,721,-1,719,721,722,-1,721,723,722,-1,722,723,724,-1,722,724,725,-1,724,726,725,-1,725,726,727,-1,725,727,728,-1,727,729,728,-1,728,729,730,-1,728,730,731,-1,730,732,731,-1,731,732,733,-1,731,733,734,-1,733,735,734,-1,734,735,736,-1,734,736,737,-1,736,738,737,-1,737,738,739,-1,737,739,740,-1,739,741,740,-1,740,741,742,-1,740,742,743,-1,742,744,743,-1,743,744,745,-1,743,745,746,-1,745,747,746,-1,746,747,748,-1,746,748,749,-1,748,750,749,-1,749,750,751,-1,749,751,752,-1,751,753,752,-1,752,753,754,-1,752,754,755,-1,754,756,755,-1,755,756,757,-1,755,757,758,-1,757,759,758,-1,758,759,760,-1,758,760,761,-1,760,762,761,-1,761,762,763,-1,761,763,764,-1,763,765,764,-1,764,765,766,-1,764,766,767,-1,766,768,767,-1,767,768,769,-1,767,769,770,-1,769,771,770,-1,770,771,772,-1,770,772,773,-1,773,772,774,-1,773,774,775,-1,774,776,775,-1,775,776,777,-1,775,777,778,-1,777,779,778,-1,778,779,780,-1,778,780,670,-1,670,780,781,-1,670,781,668,-1,782,728,783,-1,783,728,731,-1,783,731,784,-1,785,722,782,-1,782,722,725,-1,782,725,728,-1,786,704,787,-1,787,704,707,-1,787,707,788,-1,789,695,790,-1,790,695,698,-1,790,698,786,-1,786,698,701,-1,786,701,704,-1,791,680,792,-1,792,680,683,-1,792,683,793,-1,707,710,788,-1,788,710,713,-1,788,713,794,-1,794,713,716,-1,794,716,785,-1,785,716,719,-1,785,719,722,-1,683,686,793,-1,793,686,689,-1,793,689,789,-1,789,689,692,-1,789,692,695,-1,795,671,796,-1,796,671,674,-1,796,674,791,-1,791,674,677,-1,791,677,680,-1,797,798,746,-1,731,734,784,-1,784,734,737,-1,784,737,799,-1,799,737,740,-1,799,740,798,-1,798,740,743,-1,798,743,746,-1,800,778,795,-1,795,778,670,-1,795,670,671,-1,801,761,802,-1,802,761,764,-1,802,764,803,-1,746,749,797,-1,797,749,752,-1,797,752,804,-1,804,752,755,-1,804,755,801,-1,801,755,758,-1,801,758,761,-1,764,767,803,-1,803,767,770,-1,803,770,805,-1,805,770,773,-1,805,773,800,-1,800,773,775,-1,800,775,778,-1,595,594,780,-1,780,779,595,-1,595,779,777,-1,595,777,596,-1,777,776,596,-1,596,776,774,-1,596,774,597,-1,774,772,597,-1,597,772,771,-1,597,771,598,-1,771,769,598,-1,598,769,768,-1,598,768,599,-1,768,766,599,-1,599,766,765,-1,599,765,600,-1,765,763,600,-1,600,763,762,-1,600,762,601,-1,762,760,601,-1,601,760,759,-1,601,759,620,-1,759,757,620,-1,620,757,756,-1,620,756,621,-1,756,754,621,-1,621,754,753,-1,621,753,622,-1,753,751,622,-1,622,751,750,-1,622,750,613,-1,750,748,613,-1,613,748,747,-1,613,747,612,-1,747,745,612,-1,612,745,744,-1,612,744,610,-1,744,742,610,-1,610,742,741,-1,610,741,580,-1,741,739,580,-1,580,739,738,-1,580,738,574,-1,738,736,574,-1,574,736,735,-1,574,735,575,-1,735,733,575,-1,575,733,732,-1,575,732,614,-1,732,730,614,-1,614,730,729,-1,614,729,615,-1,729,727,615,-1,615,727,726,-1,615,726,616,-1,616,726,724,-1,616,724,605,-1,724,723,605,-1,605,723,721,-1,605,721,606,-1,721,720,606,-1,606,720,718,-1,606,718,624,-1,718,717,624,-1,624,717,715,-1,624,715,619,-1,715,714,619,-1,619,714,712,-1,619,712,587,-1,712,711,587,-1,587,711,709,-1,587,709,588,-1,709,708,588,-1,588,708,706,-1,588,706,589,-1,706,705,589,-1,589,705,703,-1,589,703,590,-1,590,703,702,-1,702,700,590,-1,590,700,699,-1,590,699,579,-1,699,697,579,-1,579,697,696,-1,579,696,578,-1,696,694,578,-1,578,694,693,-1,578,693,577,-1,693,691,577,-1,577,691,690,-1,577,690,581,-1,690,688,581,-1,581,688,687,-1,581,687,582,-1,687,685,582,-1,582,685,684,-1,582,684,583,-1,684,682,583,-1,583,682,681,-1,583,681,584,-1,681,679,584,-1,584,679,678,-1,584,678,585,-1,678,676,585,-1,585,676,675,-1,585,675,586,-1,675,673,586,-1,586,673,672,-1,586,672,591,-1,591,672,669,-1,591,669,592,-1,592,669,668,-1,592,668,594,-1,594,668,781,-1,594,781,780,-1,
        ]
    }
}
Shape{
    appearance Appearance {
        material  Material 	{
            diffuseColor 0.7529411764705882 0.7529411764705882 0.7529411764705882
            specularColor 0.3764705882352941 0.3764705882352941 0.3764705882352941
            ambientIntensity 0.7529
            transparency 0.0
            shininess 0.5
        }
    }
    geometry IndexedFaceSet {
        ccw TRUE
        solid FALSE
        coord DEF co Coordinate {
            point [
                0.2756 -0.935 2.9528, 0.2756 -1.0369 2.9393, 3.4252 -1.0169 2.9442, 0.2756 -1.1319 2.9, 3.4252 -1.0952 2.9187, 3.4252 -1.0364 2.9378, 0.2756 -1.2134 2.8374, 3.4252 -1.1665 2.8776, 3.4252 -1.1308 2.8981, 0.2756 -1.276 2.7559, 3.4252 -1.2276 2.8225, 3.4252 -1.2123 2.8362, 0.2756 -1.3153 2.661, 3.4252 -1.3095 2.6807, 3.4252 -1.276 2.7559, 0.2756 -1.3287 2.5591, 3.4252 -1.3266 2.6002, 3.4252 -1.3137 2.6606, 0.2756 -1.3153 2.4572, 3.4252 -1.3266 2.5179, 3.4252 -1.3266 2.5591, 0.2756 -1.276 2.3622, 3.4252 -1.3095 2.4374, 3.4252 -1.3137 2.4575, 0.2756 -1.2134 2.2807, 3.4252 -1.2276 2.2956, 3.4252 -1.276 2.3622, 0.2756 -1.1319 2.2181, 3.4252 -1.1665 2.2405, 3.4252 -1.2123 2.2819, 0.2756 -1.0369 2.1788, 3.4252 -1.0952 2.1994, 3.4252 -1.1308 2.22, 0.2756 -0.935 2.1654, 3.4252 -1.0169 2.174, 3.4252 -1.0364 2.1803, 0.2756 -0.8331 2.1788, 3.4252 -0.8532 2.174, 3.4252 -0.935 2.1654, 0.2756 -0.7382 2.2181, 3.4252 -0.7749 2.1994, 3.4252 -0.8336 2.1803, 0.2756 -0.6567 2.2807, 3.4252 -0.7036 2.2405, 3.4252 -0.7393 2.22, 0.2756 -0.5941 2.3622, 3.4252 -0.6425 2.2956, 3.4252 -0.6577 2.2819, 0.2756 -0.5548 2.4572, 3.4252 -0.5606 2.4374, 3.4252 -0.5941 2.3622, 0.2756 -0.5413 2.5591, 3.4252 -0.5435 2.5179, 3.4252 -0.5563 2.4575, 0.2756 -0.5548 2.661, 3.4252 -0.5435 2.6002, 3.4252 -0.5435 2.5591, 0.2756 -0.5941 2.7559, 3.4252 -0.5606 2.6807, 3.4252 -0.5563 2.6606, 0.2756 -0.6567 2.8374, 3.4252 -0.6425 2.8225, 3.4252 -0.5941 2.7559, 0.2756 -0.7382 2.9, 3.4252 -0.7036 2.8776, 3.4252 -0.6577 2.8362, 0.2756 -0.8331 2.9393, 3.4252 -0.7749 2.9187, 3.4252 -0.7393 2.8981, 3.4252 -0.935 2.9528, 3.4252 -0.8532 2.9442, 3.4252 -0.8336 2.9378, 3.502 -0.778 2.2063, 3.502 -0.7081 2.2467, 3.502 -0.6481 2.3007, 3.502 -0.551 2.5187, 3.502 -0.551 2.5994, 3.502 -0.5678 2.6784, 3.502 -0.7081 2.8714, 3.502 -0.778 2.9118, 3.502 -0.8548 2.9368, 3.502 -1.0921 2.9118, 3.502 -1.162 2.8714, 3.502 -1.222 2.8174, 3.502 -1.3191 2.5994, 3.502 -1.3191 2.5187, 3.502 -1.3023 2.4397, 3.502 -1.162 2.2467, 3.502 -1.0921 2.2063, 3.502 -1.0153 2.1814, 3.7889 -0.9963 2.4214, 3.8113 -0.9663 2.4889, 3.8113 -0.9802 2.4969, 3.8189 -0.935 2.5591, 3.8113 -0.951 2.4839, 3.7889 -0.9664 2.4117, 3.7525 -0.9805 2.3451, 3.8113 -0.935 2.4823, 3.7889 -0.935 2.4084, 3.7525 -0.935 2.3403, 3.7036 -0.935 2.2807, 3.502 -0.935 2.1729, 3.5759 -1.0107 2.2033, 3.5759 -0.935 2.1953, 3.6439 -1.0031 2.2389, 3.6439 -0.935 2.2317, 3.7036 -0.9929 2.2868, 3.5759 -1.083 2.2268, 3.6439 -1.0682 2.26, 3.7036 -1.0483 2.3047, 3.7525 -1.024 2.3592, 3.5759 -1.1488 2.2648, 3.6439 -1.1275 2.2942, 3.7036 -1.0987 2.3338, 3.7525 -1.0636 2.3821, 3.7889 -1.0236 2.4372, 3.502 -1.222 2.3007, 3.5759 -1.2053 2.3157, 3.6439 -1.1783 2.34, 3.7036 -1.1419 2.3728, 3.7525 -1.0976 2.4127, 3.7889 -1.047 2.4582, 3.8113 -0.9921 2.5077, 3.8113 -1.0016 2.5207, 3.7889 -1.0655 2.4837, 3.7525 -1.1245 2.4497, 3.7036 -1.1761 2.4199, 3.6439 -1.2185 2.3954, 3.5759 -1.25 2.3772, 3.502 -1.2694 2.366, 3.5759 -1.281 2.4467, 3.6439 -1.2464 2.4579, 3.7036 -1.1998 2.473, 3.7525 -1.1431 2.4915, 3.7889 -1.0783 2.5125, 3.8113 -1.0081 2.5353, 3.5759 -1.2968 2.521, 3.6439 -1.2606 2.5248, 3.7036 -1.2119 2.53, 3.7525 -1.1526 2.5362, 3.7889 -1.0849 2.5433, 3.8113 -1.0114 2.551, 3.5759 -1.2968 2.5971, 3.6439 -1.2606 2.5933, 3.7036 -1.2119 2.5882, 3.7525 -1.1526 2.5819, 3.7889 -1.0849 2.5748, 3.8113 -1.0114 2.5671, 3.502 -1.3023 2.6784, 3.5759 -1.281 2.6715, 3.6439 -1.2464 2.6602, 3.7036 -1.1998 2.6451, 3.7525 -1.1431 2.6266, 3.7889 -1.0783 2.6056, 3.8113 -1.0081 2.5828, 3.502 -1.2694 2.7521, 3.5759 -1.25 2.7409, 3.6439 -1.2185 2.7227, 3.7036 -1.1761 2.6983, 3.7525 -1.1245 2.6684, 3.7889 -1.0655 2.6344, 3.8113 -1.0016 2.5975, 3.5759 -1.2053 2.8024, 3.6439 -1.1783 2.7781, 3.7036 -1.1419 2.7453, 3.7525 -1.0976 2.7054, 3.7889 -1.047 2.6599, 3.8113 -0.9921 2.6105, 3.5759 -1.1488 2.8533, 3.6439 -1.1275 2.8239, 3.7036 -1.0987 2.7843, 3.7525 -1.0636 2.736, 3.7889 -1.0236 2.6809, 3.8113 -0.9802 2.6212, 3.5759 -1.083 2.8913, 3.6439 -1.0682 2.8581, 3.7036 -1.0483 2.8134, 3.7525 -1.024 2.7589, 3.7889 -0.9963 2.6967, 3.8113 -0.9663 2.6292, 3.502 -1.0153 2.9368, 3.5759 -1.0107 2.9148, 3.6439 -1.0031 2.8793, 3.7036 -0.9929 2.8314, 3.7525 -0.9805 2.773, 3.7889 -0.9664 2.7064, 3.8113 -0.951 2.6342, 3.502 -0.935 2.9452, 3.5759 -0.935 2.9228, 3.6439 -0.935 2.8864, 3.7036 -0.935 2.8374, 3.7525 -0.935 2.7778, 3.7889 -0.935 2.7097, 3.8113 -0.935 2.6359, 3.5759 -0.8594 2.9148, 3.6439 -0.867 2.8793, 3.7036 -0.8772 2.8314, 3.7525 -0.8896 2.773, 3.7889 -0.9037 2.7064, 3.8113 -0.9191 2.6342, 3.5759 -0.7871 2.8913, 3.6439 -0.8019 2.8581, 3.7036 -0.8218 2.8134, 3.7525 -0.8461 2.7589, 3.7889 -0.8738 2.6967, 3.8113 -0.9038 2.6292, 3.5759 -0.7212 2.8533, 3.6439 -0.7426 2.8239, 3.7036 -0.7714 2.7843, 3.7525 -0.8065 2.736, 3.7889 -0.8465 2.6809, 3.8113 -0.8899 2.6212, 3.502 -0.6481 2.8174, 3.5759 -0.6647 2.8024, 3.6439 -0.6918 2.7781, 3.7036 -0.7282 2.7453, 3.7525 -0.7725 2.7054, 3.7889 -0.8231 2.6599, 3.8113 -0.878 2.6105, 3.502 -0.6006 2.7521, 3.5759 -0.62 2.7409, 3.6439 -0.6515 2.7227, 3.7036 -0.6939 2.6983, 3.7525 -0.7456 2.6684, 3.7889 -0.8046 2.6344, 3.8113 -0.8685 2.5975, 3.5759 -0.5891 2.6715, 3.6439 -0.6237 2.6602, 3.7036 -0.6703 2.6451, 3.7525 -0.727 2.6266, 3.7889 -0.7918 2.6056, 3.8113 -0.862 2.5828, 3.5759 -0.5733 2.5971, 3.6439 -0.6095 2.5933, 3.7036 -0.6582 2.5882, 3.7525 -0.7175 2.5819, 3.7889 -0.7852 2.5748, 3.8113 -0.8587 2.5671, 3.5759 -0.5733 2.521, 3.6439 -0.6095 2.5248, 3.7036 -0.6582 2.53, 3.7525 -0.7175 2.5362, 3.7889 -0.7852 2.5433, 3.8113 -0.8587 2.551, 3.502 -0.5678 2.4397, 3.5759 -0.5891 2.4467, 3.6439 -0.6237 2.4579, 3.7036 -0.6703 2.473, 3.7525 -0.727 2.4915, 3.7889 -0.7918 2.5125, 3.8113 -0.862 2.5353, 3.502 -0.6006 2.366, 3.5759 -0.62 2.3772, 3.6439 -0.6515 2.3954, 3.7036 -0.6939 2.4199, 3.7525 -0.7456 2.4497, 3.7889 -0.8046 2.4837, 3.8113 -0.8685 2.5207, 3.5759 -0.6647 2.3157, 3.6439 -0.6918 2.34, 3.7036 -0.7282 2.3728, 3.7525 -0.7725 2.4127, 3.7889 -0.8231 2.4582, 3.8113 -0.878 2.5077, 3.5759 -0.7212 2.2648, 3.6439 -0.7426 2.2942, 3.7036 -0.7714 2.3338, 3.7525 -0.8065 2.3821, 3.7889 -0.8465 2.4372, 3.8113 -0.8899 2.4969, 3.5759 -0.7871 2.2268, 3.6439 -0.8019 2.26, 3.7036 -0.8218 2.3047, 3.7525 -0.8461 2.3592, 3.7889 -0.8738 2.4214, 3.8113 -0.9038 2.4889, 3.502 -0.8548 2.1814, 3.5759 -0.8594 2.2033, 3.6439 -0.867 2.2389, 3.7036 -0.8772 2.2868, 3.7525 -0.8896 2.3451, 3.7889 -0.9037 2.4117, 3.8113 -0.9191 2.4839
            ]
        }
        coordIndex [
            0,1,2,-1,3,4,1,-1,1,4,5,-1,1,5,2,-1,6,7,3,-1,3,7,8,-1,3,8,4,-1,9,10,6,-1,6,10,11,-1,6,11,7,-1,12,13,9,-1,9,13,14,-1,9,14,10,-1,15,16,12,-1,12,16,17,-1,12,17,13,-1,18,19,15,-1,15,19,20,-1,15,20,16,-1,21,22,18,-1,18,22,23,-1,18,23,19,-1,24,25,21,-1,21,25,26,-1,21,26,22,-1,27,28,24,-1,24,28,29,-1,24,29,25,-1,30,31,27,-1,27,31,32,-1,27,32,28,-1,33,34,30,-1,30,34,35,-1,30,35,31,-1,36,37,33,-1,33,37,38,-1,33,38,34,-1,39,40,36,-1,36,40,41,-1,36,41,37,-1,42,43,39,-1,39,43,44,-1,39,44,40,-1,45,46,42,-1,42,46,47,-1,42,47,43,-1,48,49,45,-1,45,49,50,-1,45,50,46,-1,51,52,48,-1,48,52,53,-1,48,53,49,-1,54,55,51,-1,51,55,56,-1,51,56,52,-1,57,58,54,-1,54,58,59,-1,54,59,55,-1,60,61,57,-1,57,61,62,-1,57,62,58,-1,63,64,60,-1,60,64,65,-1,60,65,61,-1,66,67,63,-1,63,67,68,-1,63,68,64,-1,2,69,0,-1,0,69,70,-1,0,70,66,-1,66,70,71,-1,66,71,67,-1,41,40,72,-1,44,43,73,-1,47,46,74,-1,53,52,75,-1,56,55,76,-1,59,58,77,-1,65,64,78,-1,68,67,79,-1,71,70,80,-1,5,4,81,-1,8,7,82,-1,11,10,83,-1,17,16,84,-1,20,19,85,-1,23,22,86,-1,29,28,87,-1,32,31,88,-1,35,34,89,-1,90,91,92,-1,92,91,93,-1,94,93,91,-1,94,91,95,-1,95,91,90,-1,95,90,96,-1,97,93,94,-1,97,94,98,-1,98,94,95,-1,98,95,99,-1,99,95,96,-1,99,96,100,-1,34,38,89,-1,89,38,101,-1,89,101,102,-1,102,101,103,-1,102,103,104,-1,104,103,105,-1,104,105,106,-1,31,35,88,-1,88,35,89,-1,88,89,107,-1,107,89,102,-1,107,102,108,-1,108,102,104,-1,108,104,109,-1,109,104,106,-1,109,106,110,-1,28,32,87,-1,87,32,88,-1,87,88,111,-1,111,88,107,-1,111,107,112,-1,112,107,108,-1,112,108,113,-1,113,108,109,-1,113,109,114,-1,114,109,110,-1,114,110,115,-1,25,29,116,-1,116,29,87,-1,116,87,117,-1,117,87,111,-1,117,111,118,-1,118,111,112,-1,118,112,119,-1,119,112,113,-1,119,113,120,-1,120,113,114,-1,120,114,121,-1,121,114,115,-1,121,115,122,-1,122,123,121,-1,121,123,124,-1,121,124,120,-1,120,124,125,-1,120,125,119,-1,119,125,126,-1,119,126,118,-1,118,126,127,-1,118,127,117,-1,117,127,128,-1,117,128,116,-1,116,128,129,-1,116,129,25,-1,25,129,26,-1,22,26,86,-1,86,26,129,-1,86,129,130,-1,130,129,128,-1,130,128,131,-1,131,128,127,-1,131,127,132,-1,132,127,126,-1,132,126,133,-1,133,126,125,-1,133,125,134,-1,134,125,124,-1,134,124,135,-1,135,124,123,-1,135,123,93,-1,122,93,123,-1,105,100,106,-1,106,100,96,-1,106,96,110,-1,110,96,90,-1,110,90,115,-1,115,90,92,-1,115,92,122,-1,122,92,93,-1,19,23,85,-1,85,23,86,-1,85,86,136,-1,136,86,130,-1,136,130,137,-1,137,130,131,-1,137,131,138,-1,138,131,132,-1,138,132,139,-1,139,132,133,-1,139,133,140,-1,140,133,134,-1,140,134,141,-1,141,134,135,-1,141,135,93,-1,16,20,84,-1,84,20,85,-1,84,85,142,-1,142,85,136,-1,142,136,143,-1,143,136,137,-1,143,137,144,-1,144,137,138,-1,144,138,145,-1,145,138,139,-1,145,139,146,-1,146,139,140,-1,146,140,147,-1,147,140,141,-1,147,141,93,-1,13,17,148,-1,148,17,84,-1,148,84,149,-1,149,84,142,-1,149,142,150,-1,150,142,143,-1,150,143,151,-1,151,143,144,-1,151,144,152,-1,152,144,145,-1,152,145,153,-1,153,145,146,-1,153,146,154,-1,154,146,147,-1,154,147,93,-1,14,13,155,-1,155,13,148,-1,155,148,156,-1,156,148,149,-1,156,149,157,-1,157,149,150,-1,157,150,158,-1,158,150,151,-1,158,151,159,-1,159,151,152,-1,159,152,160,-1,160,152,153,-1,160,153,161,-1,161,153,154,-1,161,154,93,-1,10,14,83,-1,83,14,155,-1,83,155,162,-1,162,155,156,-1,162,156,163,-1,163,156,157,-1,163,157,164,-1,164,157,158,-1,164,158,165,-1,165,158,159,-1,165,159,166,-1,166,159,160,-1,166,160,167,-1,167,160,161,-1,167,161,93,-1,7,11,82,-1,82,11,83,-1,82,83,168,-1,168,83,162,-1,168,162,169,-1,169,162,163,-1,169,163,170,-1,170,163,164,-1,170,164,171,-1,171,164,165,-1,171,165,172,-1,172,165,166,-1,172,166,173,-1,173,166,167,-1,173,167,93,-1,4,8,81,-1,81,8,82,-1,81,82,174,-1,174,82,168,-1,174,168,175,-1,175,168,169,-1,175,169,176,-1,176,169,170,-1,176,170,177,-1,177,170,171,-1,177,171,178,-1,178,171,172,-1,178,172,179,-1,179,172,173,-1,179,173,93,-1,2,5,180,-1,180,5,81,-1,180,81,181,-1,181,81,174,-1,181,174,182,-1,182,174,175,-1,182,175,183,-1,183,175,176,-1,183,176,184,-1,184,176,177,-1,184,177,185,-1,185,177,178,-1,185,178,186,-1,186,178,179,-1,186,179,93,-1,69,2,187,-1,187,2,180,-1,187,180,188,-1,188,180,181,-1,188,181,189,-1,189,181,182,-1,189,182,190,-1,190,182,183,-1,190,183,191,-1,191,183,184,-1,191,184,192,-1,192,184,185,-1,192,185,193,-1,193,185,186,-1,193,186,93,-1,70,69,80,-1,80,69,187,-1,80,187,194,-1,194,187,188,-1,194,188,195,-1,195,188,189,-1,195,189,196,-1,196,189,190,-1,196,190,197,-1,197,190,191,-1,197,191,198,-1,198,191,192,-1,198,192,199,-1,199,192,193,-1,199,193,93,-1,67,71,79,-1,79,71,80,-1,79,80,200,-1,200,80,194,-1,200,194,201,-1,201,194,195,-1,201,195,202,-1,202,195,196,-1,202,196,203,-1,203,196,197,-1,203,197,204,-1,204,197,198,-1,204,198,205,-1,205,198,199,-1,205,199,93,-1,64,68,78,-1,78,68,79,-1,78,79,206,-1,206,79,200,-1,206,200,207,-1,207,200,201,-1,207,201,208,-1,208,201,202,-1,208,202,209,-1,209,202,203,-1,209,203,210,-1,210,203,204,-1,210,204,211,-1,211,204,205,-1,211,205,93,-1,61,65,212,-1,212,65,78,-1,212,78,213,-1,213,78,206,-1,213,206,214,-1,214,206,207,-1,214,207,215,-1,215,207,208,-1,215,208,216,-1,216,208,209,-1,216,209,217,-1,217,209,210,-1,217,210,218,-1,218,210,211,-1,218,211,93,-1,62,61,219,-1,219,61,212,-1,219,212,220,-1,220,212,213,-1,220,213,221,-1,221,213,214,-1,221,214,222,-1,222,214,215,-1,222,215,223,-1,223,215,216,-1,223,216,224,-1,224,216,217,-1,224,217,225,-1,225,217,218,-1,225,218,93,-1,58,62,77,-1,77,62,219,-1,77,219,226,-1,226,219,220,-1,226,220,227,-1,227,220,221,-1,227,221,228,-1,228,221,222,-1,228,222,229,-1,229,222,223,-1,229,223,230,-1,230,223,224,-1,230,224,231,-1,231,224,225,-1,231,225,93,-1,55,59,76,-1,76,59,77,-1,76,77,232,-1,232,77,226,-1,232,226,233,-1,233,226,227,-1,233,227,234,-1,234,227,228,-1,234,228,235,-1,235,228,229,-1,235,229,236,-1,236,229,230,-1,236,230,237,-1,237,230,231,-1,237,231,93,-1,52,56,75,-1,75,56,76,-1,75,76,238,-1,238,76,232,-1,238,232,239,-1,239,232,233,-1,239,233,240,-1,240,233,234,-1,240,234,241,-1,241,234,235,-1,241,235,242,-1,242,235,236,-1,242,236,243,-1,243,236,237,-1,243,237,93,-1,49,53,244,-1,244,53,75,-1,244,75,245,-1,245,75,238,-1,245,238,246,-1,246,238,239,-1,246,239,247,-1,247,239,240,-1,247,240,248,-1,248,240,241,-1,248,241,249,-1,249,241,242,-1,249,242,250,-1,250,242,243,-1,250,243,93,-1,50,49,251,-1,251,49,244,-1,251,244,252,-1,252,244,245,-1,252,245,253,-1,253,245,246,-1,253,246,254,-1,254,246,247,-1,254,247,255,-1,255,247,248,-1,255,248,256,-1,256,248,249,-1,256,249,257,-1,257,249,250,-1,257,250,93,-1,46,50,74,-1,74,50,251,-1,74,251,258,-1,258,251,252,-1,258,252,259,-1,259,252,253,-1,259,253,260,-1,260,253,254,-1,260,254,261,-1,261,254,255,-1,261,255,262,-1,262,255,256,-1,262,256,263,-1,263,256,257,-1,263,257,93,-1,43,47,73,-1,73,47,74,-1,73,74,264,-1,264,74,258,-1,264,258,265,-1,265,258,259,-1,265,259,266,-1,266,259,260,-1,266,260,267,-1,267,260,261,-1,267,261,268,-1,268,261,262,-1,268,262,269,-1,269,262,263,-1,269,263,93,-1,40,44,72,-1,72,44,73,-1,72,73,270,-1,270,73,264,-1,270,264,271,-1,271,264,265,-1,271,265,272,-1,272,265,266,-1,272,266,273,-1,273,266,267,-1,273,267,274,-1,274,267,268,-1,274,268,275,-1,275,268,269,-1,275,269,93,-1,37,41,276,-1,276,41,72,-1,276,72,277,-1,277,72,270,-1,277,270,278,-1,278,270,271,-1,278,271,279,-1,279,271,272,-1,279,272,280,-1,280,272,273,-1,280,273,281,-1,281,273,274,-1,281,274,282,-1,282,274,275,-1,282,275,93,-1,38,37,101,-1,101,37,276,-1,101,276,103,-1,103,276,277,-1,103,277,105,-1,105,277,278,-1,105,278,100,-1,100,278,279,-1,100,279,99,-1,99,279,280,-1,99,280,98,-1,98,280,281,-1,98,281,97,-1,97,281,282,-1,97,282,93,-1,
        ]
    }
}
Shape{
    appearance Appearance {
        material  Material 	{
            diffuseColor 0.25098039215686274 0.25098039215686274 0.25098039215686274
            specularColor 0.12549019607843137 0.12549019607843137 0.12549019607843137
            ambientIntensity 0.251
            transparency 0.0
            shininess 0.5
        }
    }
    geometry IndexedFaceSet {
        ccw TRUE
        solid FALSE
        coord DEF co Coordinate {
            point [
                3.3268 -2.1161 3.5433, 3.3268 -2.1161 4.3307, 3.3268 -2.7067 3.5433, 3.3268 -2.5886 4.3307, 3.3268 -2.7067 4.2126, 3.3268 -2.7027 4.2432, 3.3268 -2.6192 4.3267, 3.3268 -2.6476 4.3149, 3.3268 -2.6721 4.2961, 3.3268 -2.6909 4.2717, 3.7205 -2.1161 3.5433, 3.7205 -2.1161 4.3307, 3.7205 -2.7067 3.5433, 3.7205 -2.7067 4.2126, 3.7205 -2.5886 4.3307, 3.7205 -2.6721 4.2961, 3.7205 -2.6476 4.3149, 3.7205 -2.6192 4.3267, 3.7205 -2.6909 4.2717, 3.7205 -2.7027 4.2432, 3.3268 0.2461 3.5433, 3.3268 0.8366 3.5433, 3.3268 0.2461 4.3307, 3.3268 0.8366 4.2126, 3.3268 0.7185 4.3307, 3.3268 0.7491 4.3267, 3.3268 0.8326 4.2432, 3.3268 0.8208 4.2717, 3.3268 0.7776 4.3149, 3.3268 0.802 4.2961, 3.7205 0.2461 3.5433, 3.7205 0.2461 4.3307, 3.7205 0.8366 3.5433, 3.7205 0.7185 4.3307, 3.7205 0.8366 4.2126, 3.7205 0.8326 4.2432, 3.7205 0.7491 4.3267, 3.7205 0.7776 4.3149, 3.7205 0.8208 4.2717, 3.7205 0.802 4.2961
            ]
        }
        coordIndex [
            0,1,2,-1,2,1,3,-1,2,3,4,-1,4,3,5,-1,6,7,8,-1,6,8,3,-1,3,8,9,-1,3,9,5,-1,0,10,1,-1,1,10,11,-1,10,12,11,-1,11,12,13,-1,11,13,14,-1,15,16,17,-1,15,17,18,-1,14,13,17,-1,17,13,19,-1,17,19,18,-1,0,2,10,-1,10,2,12,-1,20,21,22,-1,22,21,23,-1,22,23,24,-1,24,23,25,-1,23,26,25,-1,25,26,27,-1,25,27,28,-1,28,27,29,-1,30,31,32,-1,32,31,33,-1,32,33,34,-1,34,33,35,-1,33,36,35,-1,35,36,37,-1,35,37,38,-1,38,37,39,-1,30,20,31,-1,31,20,22,-1,30,32,20,-1,20,32,21,-1,
        ]
    }
}
Shape{
    appearance Appearance {
        material  Material 	{
            diffuseColor 1.0 1.0 1.0
            specularColor 0.5019607843137255 0.5019607843137255 0.5019607843137255
            ambientIntensity 1.0
            transparency 0.0
            shininess 0.5
        }
    }
    geometry IndexedFaceSet {
        ccw TRUE
        solid FALSE
        coord DEF co Coordinate {
            point [
                2.3095 0.837 1.1419, 2.3095 0.837 1.1237, 2.3095 0.8366 1.1419, 2.3095 0.8366 1.1237, 2.3733 0.837 1.1419, 2.3733 0.8366 1.1419, 2.3733 0.837 1.2838, 2.3733 0.8366 1.2838, 2.394 0.837 1.2838, 2.394 0.8366 1.2838, 2.394 0.837 1.1237, 2.394 0.8366 1.1237, 2.2274 0.837 1.121, 2.2274 0.8366 1.121, 2.203 0.8366 1.1233, 2.203 0.837 1.1233, 2.1858 0.8366 1.1289, 2.1858 0.837 1.1289, 2.1831 0.8366 1.1303, 2.1831 0.837 1.1303, 2.1831 0.837 1.1501, 2.1831 0.8366 1.1501, 2.1988 0.8366 1.143, 2.1988 0.837 1.143, 2.2169 0.8366 1.1397, 2.2169 0.837 1.1397, 2.2244 0.8366 1.1394, 2.2244 0.837 1.1394, 2.2405 0.8366 1.1413, 2.2405 0.837 1.1413, 2.252 0.8366 1.1457, 2.252 0.837 1.1457, 2.2624 0.8366 1.1531, 2.2624 0.837 1.1531, 2.2656 0.8366 1.1562, 2.2656 0.837 1.1562, 2.2734 0.8366 1.1671, 2.2734 0.837 1.1671, 2.2785 0.8366 1.18, 2.2785 0.837 1.18, 2.2811 0.8366 1.196, 2.2811 0.837 1.196, 2.2813 0.8366 1.2019, 2.2813 0.837 1.2019, 2.2786 0.8366 1.2241, 2.2786 0.837 1.2241, 2.2732 0.8366 1.2379, 2.2732 0.837 1.2379, 2.2644 0.8366 1.2501, 2.2644 0.837 1.2501, 2.2535 0.8366 1.2591, 2.2535 0.837 1.2591, 2.2409 0.8366 1.2649, 2.2409 0.837 1.2649, 2.227 0.8366 1.2676, 2.227 0.837 1.2676, 2.2208 0.8366 1.2678, 2.2208 0.837 1.2678, 2.2011 0.8366 1.2655, 2.2011 0.837 1.2655, 2.1849 0.8366 1.2593, 2.1849 0.837 1.2593, 2.1831 0.8366 1.2583, 2.1831 0.837 1.2583, 2.1831 0.837 1.28, 2.1831 0.8366 1.28, 2.221 0.8366 1.2865, 2.221 0.837 1.2865, 2.2208 0.837 1.2865, 2.1999 0.8366 1.2848, 2.1999 0.837 1.2848, 2.204 0.8366 1.2852, 2.2208 0.8366 1.2865, 2.2321 0.8366 1.2852, 2.2443 0.837 1.2837, 2.2443 0.8366 1.2837, 2.261 0.8366 1.2771, 2.261 0.837 1.2771, 2.276 0.8366 1.2666, 2.276 0.837 1.2666, 2.2798 0.8366 1.2629, 2.2798 0.837 1.2629, 2.2915 0.8366 1.2478, 2.2915 0.837 1.2478, 2.2958 0.8366 1.2376, 2.2991 0.837 1.23, 2.2991 0.8366 1.23, 2.3027 0.8366 1.2091, 2.3027 0.837 1.2091, 2.303 0.8366 1.2007, 2.303 0.837 1.2007, 2.2824 0.8366 1.1428, 2.2824 0.837 1.1428, 2.2932 0.837 1.1577, 2.2998 0.8366 1.1744, 2.2998 0.837 1.1744, 2.2958 0.8366 1.1644, 2.2932 0.8366 1.1577, 2.2695 0.8366 1.1321, 2.2695 0.837 1.1321, 2.2544 0.8366 1.125, 2.2544 0.837 1.125, 2.2371 0.8366 1.1214, 2.2371 0.837 1.1214, 2.0649 0.837 1.1419, 2.0649 0.837 1.1237, 2.0649 0.8366 1.1419, 2.0649 0.8366 1.1237, 2.1303 0.8366 1.1419, 2.1303 0.837 1.1419, 2.0871 0.8366 1.1419, 2.1303 0.837 1.1958, 2.1303 0.8366 1.1958, 2.0731 0.8366 1.1958, 2.0731 0.837 1.1958, 2.0871 0.8366 1.1958, 2.0731 0.837 1.2141, 2.0731 0.8366 1.2141, 2.1303 0.8366 1.2141, 2.1303 0.837 1.2141, 2.0871 0.8366 1.2141, 2.1303 0.837 1.2654, 2.1303 0.8366 1.2654, 2.0685 0.8366 1.2654, 2.0685 0.837 1.2654, 2.0871 0.8366 1.2654, 2.0685 0.837 1.2838, 2.0685 0.8366 1.2838, 2.151 0.8366 1.2838, 2.151 0.837 1.2838, 2.0871 0.8366 1.2838, 2.151 0.837 1.1237, 2.151 0.8366 1.1237, 2.0871 0.8366 1.1237, 1.9351 0.837 1.1685, 1.9431 0.837 1.1586, 1.9284 0.837 1.1461, 1.946 0.837 1.156, 1.945 0.837 1.1342, 1.9567 0.837 1.149, 1.9632 0.837 1.127, 1.9703 0.837 1.1441, 1.9906 0.837 1.1237, 1.9907 0.837 1.1419, 2.0346 0.837 1.1237, 2.014 0.837 1.1419, 2.0346 0.837 1.2838, 2.014 0.837 1.2654, 1.989 0.837 1.2838, 1.9898 0.837 1.2654, 1.9645 0.837 1.2811, 1.9692 0.837 1.2631, 1.9452 0.837 1.274, 1.9553 0.837 1.2581, 1.9284 0.837 1.2626, 1.9436 0.837 1.2503, 1.9229 0.837 1.2572, 1.9392 0.837 1.2461, 1.9129 0.837 1.2432, 1.933 0.837 1.2371, 1.907 0.837 1.228, 1.9284 0.837 1.2255, 1.9043 0.837 1.2058, 1.926 0.837 1.2052, 1.9047 0.837 1.1956, 1.9265 0.837 1.1951, 1.9086 0.837 1.1769, 1.9296 0.837 1.1804, 1.9165 0.837 1.1603, 1.9906 0.8366 1.1237, 2.0346 0.8366 1.1237, 1.9284 0.8366 1.1461, 1.9632 0.8366 1.127, 1.9613 0.8366 1.1278, 1.945 0.8366 1.1342, 1.9165 0.8366 1.1603, 1.9086 0.8366 1.1769, 1.9047 0.8366 1.1956, 1.9043 0.8366 1.2058, 1.907 0.8366 1.228, 1.9129 0.8366 1.2432, 1.9229 0.8366 1.2572, 1.9284 0.8366 1.2626, 1.989 0.8366 1.2838, 1.9452 0.8366 1.274, 1.9613 0.8366 1.2799, 1.9645 0.8366 1.2811, 2.0346 0.8366 1.2838, 1.9898 0.8366 1.2654, 2.014 0.8366 1.2654, 2.014 0.8366 1.1419, 1.9907 0.8366 1.1419, 1.9431 0.8366 1.1586, 1.946 0.8366 1.156, 1.9567 0.8366 1.149, 1.9703 0.8366 1.1441, 1.926 0.8366 1.2052, 1.9265 0.8366 1.1951, 1.9296 0.8366 1.1804, 1.9351 0.8366 1.1685, 1.9436 0.8366 1.2503, 1.9392 0.8366 1.2461, 1.933 0.8366 1.2371, 1.9284 0.8366 1.2255, 1.9692 0.8366 1.2631, 1.9553 0.8366 1.2581
            ]
        }
        coordIndex [
            0,1,2,-1,2,1,3,-1,4,0,5,-1,5,0,2,-1,6,4,7,-1,7,4,5,-1,8,6,9,-1,9,6,7,-1,10,8,11,-1,11,8,9,-1,1,10,3,-1,3,10,11,-1,6,8,4,-1,4,8,10,-1,4,10,0,-1,0,10,1,-1,12,13,14,-1,12,14,15,-1,15,14,16,-1,15,16,17,-1,17,16,18,-1,17,18,19,-1,20,19,21,-1,21,19,18,-1,20,21,22,-1,20,22,23,-1,23,22,24,-1,23,24,25,-1,25,24,26,-1,25,26,27,-1,27,26,28,-1,27,28,29,-1,29,28,30,-1,29,30,31,-1,31,30,32,-1,31,32,33,-1,33,32,34,-1,33,34,35,-1,35,34,36,-1,35,36,37,-1,37,36,38,-1,37,38,39,-1,39,38,40,-1,39,40,41,-1,41,40,42,-1,41,42,43,-1,43,42,44,-1,43,44,45,-1,45,44,46,-1,45,46,47,-1,47,46,48,-1,47,48,49,-1,49,48,50,-1,49,50,51,-1,51,50,52,-1,51,52,53,-1,53,52,54,-1,53,54,55,-1,55,54,56,-1,55,56,57,-1,57,56,58,-1,57,58,59,-1,59,58,60,-1,59,60,61,-1,61,60,62,-1,61,62,63,-1,64,63,65,-1,65,63,62,-1,66,67,68,-1,64,65,69,-1,64,69,70,-1,70,69,71,-1,70,71,68,-1,68,71,72,-1,68,72,66,-1,67,66,73,-1,67,73,74,-1,73,75,74,-1,74,75,76,-1,74,76,77,-1,77,76,78,-1,77,78,79,-1,79,78,80,-1,79,80,81,-1,81,80,82,-1,81,82,83,-1,83,82,84,-1,83,84,85,-1,84,86,85,-1,85,86,87,-1,85,87,88,-1,88,87,89,-1,88,89,90,-1,91,92,93,-1,90,89,94,-1,90,94,95,-1,95,94,96,-1,95,96,93,-1,93,96,97,-1,93,97,91,-1,92,91,98,-1,92,98,99,-1,99,98,100,-1,99,100,101,-1,101,100,102,-1,101,102,103,-1,103,102,13,-1,103,13,12,-1,61,63,64,-1,51,79,49,-1,49,79,81,-1,49,81,47,-1,47,81,83,-1,47,83,45,-1,61,64,59,-1,59,64,70,-1,59,70,57,-1,57,70,68,-1,57,68,55,-1,55,68,67,-1,55,67,53,-1,53,67,74,-1,53,74,51,-1,51,74,77,-1,51,77,79,-1,90,43,88,-1,88,43,45,-1,88,45,85,-1,85,45,83,-1,19,20,17,-1,17,20,23,-1,17,23,15,-1,15,23,25,-1,15,25,12,-1,12,25,27,-1,12,27,103,-1,103,27,29,-1,103,29,101,-1,101,29,31,-1,101,31,99,-1,99,31,33,-1,99,33,92,-1,92,33,35,-1,92,35,93,-1,93,35,37,-1,93,37,95,-1,95,37,39,-1,95,39,90,-1,90,39,41,-1,90,41,43,-1,104,105,106,-1,106,105,107,-1,108,109,110,-1,110,109,104,-1,110,104,106,-1,111,109,112,-1,112,109,108,-1,113,114,115,-1,115,114,111,-1,115,111,112,-1,116,114,117,-1,117,114,113,-1,118,119,120,-1,120,119,116,-1,120,116,117,-1,121,119,122,-1,122,119,118,-1,123,124,125,-1,125,124,121,-1,125,121,122,-1,126,124,127,-1,127,124,123,-1,128,129,130,-1,130,129,126,-1,130,126,127,-1,131,129,132,-1,132,129,128,-1,107,105,133,-1,133,105,131,-1,133,131,132,-1,131,105,104,-1,104,109,131,-1,131,109,111,-1,131,111,129,-1,124,126,121,-1,121,126,129,-1,121,129,119,-1,119,129,111,-1,119,111,116,-1,116,111,114,-1,134,135,136,-1,136,135,137,-1,136,137,138,-1,138,137,139,-1,138,139,140,-1,140,139,141,-1,140,141,142,-1,142,141,143,-1,142,143,144,-1,144,143,145,-1,144,145,146,-1,146,145,147,-1,146,147,148,-1,148,147,149,-1,148,149,150,-1,150,149,151,-1,150,151,152,-1,152,151,153,-1,152,153,154,-1,154,153,155,-1,154,155,156,-1,156,155,157,-1,156,157,158,-1,158,157,159,-1,158,159,160,-1,160,159,161,-1,160,161,162,-1,162,161,163,-1,162,163,164,-1,164,163,165,-1,164,165,166,-1,166,165,167,-1,166,167,168,-1,168,167,134,-1,168,134,136,-1,142,144,169,-1,169,144,170,-1,171,136,138,-1,142,169,172,-1,142,172,140,-1,140,172,173,-1,140,173,138,-1,138,173,174,-1,138,174,171,-1,136,171,175,-1,136,175,168,-1,168,175,176,-1,168,176,166,-1,166,176,177,-1,166,177,164,-1,164,177,178,-1,164,178,162,-1,162,178,179,-1,162,179,160,-1,160,179,180,-1,160,180,158,-1,158,180,181,-1,158,181,156,-1,156,181,182,-1,156,182,154,-1,183,148,150,-1,154,182,184,-1,154,184,152,-1,152,184,185,-1,152,185,150,-1,150,185,186,-1,150,186,183,-1,146,148,187,-1,187,148,183,-1,144,146,170,-1,170,146,187,-1,149,147,188,-1,188,147,189,-1,147,145,189,-1,189,145,190,-1,145,143,190,-1,190,143,191,-1,135,192,193,-1,135,193,137,-1,137,193,194,-1,137,194,139,-1,139,194,195,-1,139,195,141,-1,141,195,191,-1,141,191,143,-1,163,196,197,-1,163,197,165,-1,165,197,198,-1,165,198,167,-1,167,198,199,-1,167,199,134,-1,134,199,192,-1,134,192,135,-1,155,200,201,-1,155,201,157,-1,157,201,202,-1,157,202,159,-1,159,202,203,-1,159,203,161,-1,161,203,196,-1,161,196,163,-1,149,188,204,-1,149,204,151,-1,151,204,205,-1,151,205,153,-1,153,205,200,-1,153,200,155,-1,
        ]
    }
}
Shape{
    appearance Appearance {
        material  Material 	{
            diffuseColor 0.25098039215686274 0.25098039215686274 0.25098039215686274
            specularColor 0.12549019607843137 0.12549019607843137 0.12549019607843137
            ambientIntensity 0.251
            transparency 0.0
            shininess 0.5
        }
    }
    geometry IndexedFaceSet {
        ccw TRUE
        solid FALSE
        coord DEF co Coordinate {
            point [
                2.014 0.8366 1.2654, 2.014 0.8366 1.1419, 1.9898 0.8366 1.2654, 1.9907 0.8366 1.1419, 1.9703 0.8366 1.1441, 1.9567 0.8366 1.149, 1.946 0.8366 1.156, 1.9431 0.8366 1.1586, 1.9351 0.8366 1.1685, 1.9296 0.8366 1.1804, 1.9265 0.8366 1.1951, 1.926 0.8366 1.2052, 1.9284 0.8366 1.2255, 1.933 0.8366 1.2371, 1.9392 0.8366 1.2461, 1.9436 0.8366 1.2503, 1.9692 0.8366 1.2631, 1.9553 0.8366 1.2581
            ]
        }
        coordIndex [
            0,1,2,-1,2,1,3,-1,2,3,4,-1,4,5,2,-1,2,5,6,-1,2,6,7,-1,7,8,2,-1,2,8,9,-1,2,9,10,-1,10,11,2,-1,2,11,12,-1,2,12,13,-1,13,14,2,-1,2,14,15,-1,2,15,16,-1,16,15,17,-1,
        ]
    }
}
Shape{
    appearance Appearance {
        material  Material 	{
            diffuseColor 1.0 1.0 1.0
            specularColor 0.5019607843137255 0.5019607843137255 0.5019607843137255
            ambientIntensity 1.0
            transparency 0.0
            shininess 0.5
        }
    }
    geometry IndexedFaceSet {
        ccw TRUE
        solid FALSE
        coord DEF co Coordinate {
            point [
                1.8506 0.837 1.1856, 1.8266 0.837 1.2521, 1.8344 0.837 1.2838, 1.8954 0.837 1.1237, 1.8725 0.837 1.1237, 1.8571 0.837 1.1675, 1.8253 0.837 1.2569, 1.824 0.837 1.2633, 1.8123 0.837 1.2838, 1.8235 0.837 1.2633, 1.8222 0.837 1.2566, 1.821 0.837 1.2521, 1.7968 0.837 1.1856, 1.7513 0.837 1.1237, 1.7741 0.837 1.1237, 1.7905 0.837 1.1675, 1.8123 0.8366 1.2838, 1.7513 0.8366 1.1237, 1.8344 0.8366 1.2838, 1.8954 0.8366 1.1237, 1.8492 0.8366 1.2448, 1.8725 0.8366 1.1237, 1.8571 0.8366 1.1675, 1.7905 0.8366 1.1675, 1.8492 0.8366 1.1675, 1.7741 0.8366 1.1237, 1.8506 0.8366 1.1856, 1.7968 0.8366 1.1856, 1.821 0.8366 1.2521, 1.8235 0.8366 1.2633, 1.8222 0.8366 1.2566, 1.824 0.8366 1.2633, 1.8266 0.8366 1.2521, 1.8253 0.8366 1.2569
            ]
        }
        coordIndex [
            0,1,2,-1,3,4,5,-1,1,6,2,-1,2,6,7,-1,2,7,8,-1,8,7,9,-1,8,9,10,-1,10,11,8,-1,8,11,12,-1,8,12,13,-1,14,13,15,-1,15,13,12,-1,15,12,5,-1,5,12,0,-1,5,0,3,-1,3,0,2,-1,8,13,16,-1,16,13,17,-1,2,8,18,-1,18,8,16,-1,19,3,20,-1,20,3,2,-1,20,2,18,-1,4,3,21,-1,21,3,19,-1,5,4,22,-1,22,4,21,-1,23,15,24,-1,24,15,5,-1,24,5,22,-1,14,15,25,-1,25,15,23,-1,13,14,17,-1,17,14,25,-1,0,12,26,-1,26,12,27,-1,12,11,27,-1,27,11,28,-1,9,29,30,-1,9,30,10,-1,10,30,28,-1,10,28,11,-1,9,7,29,-1,29,7,31,-1,1,32,33,-1,1,33,6,-1,6,33,31,-1,6,31,7,-1,1,0,32,-1,32,0,26,-1,
        ]
    }
}
Shape{
    appearance Appearance {
        material  Material 	{
            diffuseColor 0.25098039215686274 0.25098039215686274 0.25098039215686274
            specularColor 0.12549019607843137 0.12549019607843137 0.12549019607843137
            ambientIntensity 0.251
            transparency 0.0
            shininess 0.5
        }
    }
    geometry IndexedFaceSet {
        ccw TRUE
        solid FALSE
        coord DEF co Coordinate {
            point [
                1.8235 0.8366 1.2633, 1.824 0.8366 1.2633, 1.8222 0.8366 1.2566, 1.8253 0.8366 1.2569, 1.821 0.8366 1.2521, 1.8266 0.8366 1.2521, 1.7968 0.8366 1.1856, 1.8506 0.8366 1.1856
            ]
        }
        coordIndex [
            0,1,2,-1,2,1,3,-1,2,3,4,-1,4,3,5,-1,4,5,6,-1,6,5,7,-1,
        ]
    }
}
Shape{
    appearance Appearance {
        material  Material 	{
            diffuseColor 1.0 1.0 1.0
            specularColor 0.5019607843137255 0.5019607843137255 0.5019607843137255
            ambientIntensity 1.0
            transparency 0.0
            shininess 0.5
        }
    }
    geometry IndexedFaceSet {
        ccw TRUE
        solid FALSE
        coord DEF co Coordinate {
            point [
                2.3078 0.837 0.8879, 2.3078 0.837 0.8696, 2.3078 0.8366 0.8879, 2.3078 0.8366 0.8696, 2.3733 0.837 0.8879, 2.3733 0.8366 0.8879, 2.3733 0.837 0.9417, 2.3733 0.8366 0.9417, 2.316 0.837 0.9417, 2.316 0.8366 0.9417, 2.316 0.837 0.9601, 2.316 0.8366 0.9601, 2.3733 0.837 0.9601, 2.3733 0.8366 0.9601, 2.3733 0.837 1.0113, 2.3733 0.8366 1.0113, 2.3115 0.837 1.0113, 2.3115 0.8366 1.0113, 2.3115 0.837 1.0298, 2.3115 0.8366 1.0298, 2.394 0.837 1.0298, 2.394 0.8366 1.0298, 2.394 0.837 0.8696, 2.394 0.8366 0.8696, 2.2168 0.837 0.8696, 2.1967 0.837 0.8696, 2.2168 0.837 0.8873, 2.1967 0.837 0.9432, 2.2168 0.837 0.9423, 2.2605 0.837 0.9183, 2.2558 0.837 0.9205, 2.2173 0.837 0.8873, 2.2279 0.837 0.8903, 2.2204 0.837 0.8826, 2.2336 0.837 0.8864, 2.2436 0.837 0.9234, 2.2168 0.837 0.927, 2.2168 0.837 0.916, 2.2168 0.837 0.9147, 2.2181 0.837 0.9058, 2.2211 0.837 0.8986, 2.2254 0.837 0.8927, 2.2175 0.837 0.9511, 2.1987 0.837 0.9602, 2.2195 0.837 0.9583, 2.202 0.837 0.9688, 2.2219 0.837 0.9624, 2.2063 0.837 0.9749, 2.2249 0.837 0.9657, 2.2775 0.837 0.976, 2.2775 0.837 0.9565, 2.2734 0.837 0.9783, 2.2636 0.837 0.9652, 2.2585 0.837 0.9841, 2.251 0.837 0.9693, 2.2381 0.837 0.9866, 2.24 0.837 0.9703, 2.238 0.837 0.9866, 2.2331 0.837 0.9696, 2.2239 0.837 0.9851, 2.2285 0.837 0.968, 2.2159 0.837 0.9822, 2.2096 0.837 0.9782, 2.2642 0.837 0.8902, 2.2788 0.837 0.8759, 2.2625 0.837 0.8885, 2.2721 0.837 0.8712, 2.2585 0.837 0.8858, 2.2644 0.837 0.8683, 2.2539 0.837 0.8841, 2.2524 0.837 0.8669, 2.2472 0.837 0.8834, 2.2422 0.837 0.868, 2.2396 0.837 0.8842, 2.2341 0.837 0.8709, 2.2268 0.837 0.8757, 2.2681 0.837 0.9051, 2.2886 0.837 0.9026, 2.2683 0.837 0.9019, 2.2886 0.837 0.9002, 2.2678 0.837 0.8973, 2.2876 0.837 0.8907, 2.2665 0.837 0.8936, 2.2851 0.837 0.884, 2.2808 0.837 0.8779, 2.2507 0.837 0.9376, 2.2659 0.837 0.9338, 2.263 0.837 0.9164, 2.2744 0.837 0.9294, 2.2654 0.837 0.9134, 2.2806 0.837 0.9241, 2.2671 0.837 0.9097, 2.2846 0.837 0.9183, 2.2873 0.837 0.9113, 2.2381 0.8366 0.9866, 2.2585 0.8366 0.9841, 2.2734 0.8366 0.9783, 2.2775 0.8366 0.976, 2.2775 0.8366 0.9565, 2.2636 0.8366 0.9652, 2.251 0.8366 0.9693, 2.24 0.8366 0.9703, 2.2331 0.8366 0.9696, 2.2285 0.8366 0.968, 2.2249 0.8366 0.9657, 2.2219 0.8366 0.9624, 2.2195 0.8366 0.9583, 2.2175 0.8366 0.9511, 2.2168 0.8366 0.9423, 2.2507 0.8366 0.9376, 2.2659 0.8366 0.9338, 2.2744 0.8366 0.9294, 2.2806 0.8366 0.9241, 2.2846 0.8366 0.9183, 2.2873 0.8366 0.9113, 2.2886 0.8366 0.9026, 2.2886 0.8366 0.9002, 2.2876 0.8366 0.8907, 2.2851 0.8366 0.884, 2.2808 0.8366 0.8779, 2.2788 0.8366 0.8759, 2.2524 0.8366 0.8669, 2.264 0.8366 0.8683, 2.2644 0.8366 0.8683, 2.2721 0.8366 0.8712, 2.2422 0.8366 0.868, 2.2415 0.8366 0.8683, 2.2341 0.8366 0.8709, 2.2268 0.8366 0.8757, 2.2204 0.8366 0.8826, 2.2173 0.8366 0.8873, 2.2168 0.8366 0.8873, 2.2168 0.8366 0.8696, 2.1967 0.8366 0.8696, 2.1967 0.8366 0.9432, 2.1987 0.8366 0.9602, 2.202 0.8366 0.9688, 2.2063 0.8366 0.9749, 2.2096 0.8366 0.9782, 2.2159 0.8366 0.9822, 2.2239 0.8366 0.9851, 2.238 0.8366 0.9866, 2.263 0.8366 0.9164, 2.2605 0.8366 0.9183, 2.2558 0.8366 0.9205, 2.2436 0.8366 0.9234, 2.2683 0.8366 0.9019, 2.2681 0.8366 0.9051, 2.2671 0.8366 0.9097, 2.2654 0.8366 0.9134, 2.2625 0.8366 0.8885, 2.2642 0.8366 0.8902, 2.2665 0.8366 0.8936, 2.2678 0.8366 0.8973, 2.2472 0.8366 0.8834, 2.2539 0.8366 0.8841, 2.2585 0.8366 0.8858, 2.2254 0.8366 0.8927, 2.2279 0.8366 0.8903, 2.2336 0.8366 0.8864, 2.2396 0.8366 0.8842, 2.2168 0.8366 0.916, 2.2168 0.8366 0.9147, 2.2181 0.8366 0.9058, 2.2211 0.8366 0.8986, 2.2168 0.8366 0.927
            ]
        }
        coordIndex [
            0,1,2,-1,2,1,3,-1,4,0,5,-1,5,0,2,-1,6,4,7,-1,7,4,5,-1,8,6,9,-1,9,6,7,-1,10,8,11,-1,11,8,9,-1,12,10,13,-1,13,10,11,-1,14,12,15,-1,15,12,13,-1,16,14,17,-1,17,14,15,-1,18,16,19,-1,19,16,17,-1,20,18,21,-1,21,18,19,-1,22,20,23,-1,23,20,21,-1,1,22,3,-1,3,22,23,-1,22,1,0,-1,0,4,22,-1,22,4,6,-1,22,6,20,-1,16,18,14,-1,14,18,20,-1,14,20,12,-1,12,20,6,-1,12,6,10,-1,10,6,8,-1,24,25,26,-1,26,25,27,-1,28,29,30,-1,31,32,33,-1,33,32,34,-1,35,36,27,-1,27,36,37,-1,37,38,27,-1,27,38,39,-1,27,39,26,-1,26,39,40,-1,26,40,31,-1,31,40,41,-1,31,41,32,-1,30,35,28,-1,28,35,27,-1,28,27,42,-1,42,27,43,-1,42,43,44,-1,44,43,45,-1,44,45,46,-1,46,45,47,-1,46,47,48,-1,49,50,51,-1,51,50,52,-1,51,52,53,-1,53,52,54,-1,53,54,55,-1,55,54,56,-1,55,56,57,-1,57,56,58,-1,57,58,59,-1,59,58,60,-1,59,60,61,-1,61,60,48,-1,61,48,62,-1,62,48,47,-1,63,64,65,-1,65,64,66,-1,65,66,67,-1,67,66,68,-1,67,68,69,-1,69,68,70,-1,69,70,71,-1,71,70,72,-1,71,72,73,-1,73,72,74,-1,73,74,34,-1,34,74,75,-1,34,75,33,-1,76,77,78,-1,78,77,79,-1,78,79,80,-1,80,79,81,-1,80,81,82,-1,82,81,83,-1,82,83,63,-1,63,83,84,-1,63,84,64,-1,28,85,29,-1,29,85,86,-1,29,86,87,-1,87,86,88,-1,87,88,89,-1,89,88,90,-1,89,90,91,-1,91,90,92,-1,91,92,76,-1,76,92,93,-1,76,93,77,-1,55,94,95,-1,55,95,53,-1,53,95,96,-1,53,96,51,-1,51,96,97,-1,51,97,49,-1,50,49,98,-1,98,49,97,-1,50,98,99,-1,50,99,52,-1,52,99,100,-1,52,100,54,-1,54,100,101,-1,54,101,56,-1,56,101,102,-1,56,102,58,-1,58,102,103,-1,58,103,60,-1,60,103,104,-1,60,104,48,-1,48,104,105,-1,48,105,46,-1,46,105,106,-1,46,106,44,-1,44,106,107,-1,44,107,42,-1,42,107,108,-1,42,108,28,-1,85,28,109,-1,109,28,108,-1,85,109,110,-1,85,110,86,-1,86,110,111,-1,86,111,88,-1,88,111,112,-1,88,112,90,-1,90,112,113,-1,90,113,92,-1,92,113,114,-1,92,114,93,-1,93,114,115,-1,93,115,77,-1,77,115,116,-1,77,116,79,-1,79,116,117,-1,79,117,81,-1,81,117,118,-1,81,118,83,-1,83,118,119,-1,83,119,84,-1,84,119,120,-1,84,120,64,-1,121,70,122,-1,122,70,68,-1,122,68,123,-1,123,68,66,-1,123,66,124,-1,124,66,64,-1,124,64,120,-1,70,121,125,-1,70,125,72,-1,72,125,126,-1,72,126,74,-1,126,127,74,-1,74,127,128,-1,74,128,75,-1,75,128,129,-1,75,129,33,-1,33,129,130,-1,33,130,31,-1,26,31,131,-1,131,31,130,-1,24,26,132,-1,132,26,131,-1,25,24,133,-1,133,24,132,-1,27,25,134,-1,134,25,133,-1,27,134,135,-1,27,135,43,-1,43,135,136,-1,43,136,45,-1,45,136,137,-1,45,137,47,-1,47,137,138,-1,47,138,62,-1,62,138,139,-1,62,139,61,-1,61,139,140,-1,61,140,59,-1,59,140,141,-1,59,141,57,-1,57,141,94,-1,57,94,55,-1,87,142,143,-1,87,143,29,-1,29,143,144,-1,29,144,30,-1,30,144,145,-1,30,145,35,-1,78,146,147,-1,78,147,76,-1,76,147,148,-1,76,148,91,-1,91,148,149,-1,91,149,89,-1,89,149,142,-1,89,142,87,-1,65,150,151,-1,65,151,63,-1,63,151,152,-1,63,152,82,-1,82,152,153,-1,82,153,80,-1,80,153,146,-1,80,146,78,-1,71,154,155,-1,71,155,69,-1,69,155,156,-1,69,156,67,-1,67,156,150,-1,67,150,65,-1,41,157,158,-1,41,158,32,-1,32,158,159,-1,32,159,34,-1,34,159,160,-1,34,160,73,-1,73,160,154,-1,73,154,71,-1,37,161,162,-1,37,162,38,-1,38,162,163,-1,38,163,39,-1,39,163,164,-1,39,164,40,-1,40,164,157,-1,40,157,41,-1,37,36,161,-1,161,36,165,-1,36,35,165,-1,165,35,145,-1,
        ]
    }
}
Shape{
    appearance Appearance {
        material  Material 	{
            diffuseColor 0.25098039215686274 0.25098039215686274 0.25098039215686274
            specularColor 0.12549019607843137 0.12549019607843137 0.12549019607843137
            ambientIntensity 0.251
            transparency 0.0
            shininess 0.5
        }
    }
    geometry IndexedFaceSet {
        ccw TRUE
        solid FALSE
        coord DEF co Coordinate {
            point [
                2.2168 0.8366 0.9147, 2.2168 0.8366 0.916, 2.263 0.8366 0.9164, 2.2168 0.8366 0.927, 2.2436 0.8366 0.9234, 2.2558 0.8366 0.9205, 2.2605 0.8366 0.9183, 2.2181 0.8366 0.9058, 2.2654 0.8366 0.9134, 2.2211 0.8366 0.8986, 2.2642 0.8366 0.8902, 2.2625 0.8366 0.8885, 2.2279 0.8366 0.8903, 2.2665 0.8366 0.8936, 2.2336 0.8366 0.8864, 2.2396 0.8366 0.8842, 2.2472 0.8366 0.8834, 2.2671 0.8366 0.9097, 2.2681 0.8366 0.9051, 2.2254 0.8366 0.8927, 2.2683 0.8366 0.9019, 2.2678 0.8366 0.8973, 2.2585 0.8366 0.8858, 2.2539 0.8366 0.8841
            ]
        }
        coordIndex [
            0,1,2,-1,1,3,4,-1,4,5,1,-1,1,5,6,-1,1,6,2,-1,0,2,7,-1,7,2,8,-1,7,8,9,-1,10,11,12,-1,10,12,13,-1,14,12,15,-1,15,12,16,-1,8,17,9,-1,9,17,18,-1,9,18,19,-1,19,18,20,-1,19,20,12,-1,12,20,21,-1,12,21,13,-1,11,22,12,-1,12,22,23,-1,12,23,16,-1,
        ]
    }
}
Shape{
    appearance Appearance {
        material  Material 	{
            diffuseColor 1.0 1.0 1.0
            specularColor 0.5019607843137255 0.5019607843137255 0.5019607843137255
            ambientIntensity 1.0
            transparency 0.0
            shininess 0.5
        }
    }
    geometry IndexedFaceSet {
        ccw TRUE
        solid FALSE
        coord DEF co Coordinate {
            point [
                2.1696 0.8366 0.8943, 2.1696 0.837 0.8943, 2.1623 0.837 0.8898, 2.1366 0.837 0.8833, 2.1366 0.8366 0.8833, 2.1498 0.8366 0.8849, 2.1498 0.837 0.8849, 2.1603 0.8366 0.889, 2.1623 0.8366 0.8898, 2.1696 0.837 0.8736, 2.1696 0.8366 0.8736, 2.1555 0.837 0.8687, 2.1603 0.8366 0.8704, 2.1385 0.8366 0.8669, 2.1385 0.837 0.8669, 2.1515 0.8366 0.8683, 2.1555 0.8366 0.8687, 2.1203 0.837 0.8691, 2.1272 0.8366 0.8683, 2.1203 0.8366 0.8691, 2.1098 0.8366 0.8732, 2.1098 0.837 0.8732, 2.1052 0.8366 0.876, 2.1052 0.837 0.876, 2.0994 0.8366 0.8811, 2.0994 0.837 0.8811, 2.0957 0.8366 0.8863, 2.0957 0.837 0.8863, 2.0933 0.8366 0.8927, 2.0933 0.837 0.8927, 2.0923 0.8366 0.9007, 2.0923 0.837 0.9007, 2.0932 0.8366 0.9082, 2.0932 0.837 0.9082, 2.0953 0.8366 0.9141, 2.0953 0.837 0.9141, 2.099 0.8366 0.9196, 2.099 0.837 0.9196, 2.1038 0.8366 0.9239, 2.1038 0.837 0.9239, 2.1171 0.8366 0.9313, 2.1171 0.837 0.9313, 2.1249 0.8366 0.9345, 2.1249 0.837 0.9345, 2.1373 0.8366 0.9399, 2.1373 0.837 0.9399, 2.1444 0.8366 0.9443, 2.1444 0.837 0.9443, 2.1463 0.8366 0.9464, 2.1463 0.837 0.9464, 2.1478 0.8366 0.9491, 2.1478 0.837 0.9491, 2.1486 0.8366 0.9523, 2.1486 0.837 0.9523, 2.1488 0.8366 0.9549, 2.1488 0.837 0.9549, 2.1484 0.8366 0.9581, 2.1484 0.837 0.9581, 2.1474 0.8366 0.9608, 2.1474 0.837 0.9608, 2.1457 0.8366 0.9634, 2.1457 0.837 0.9634, 2.1427 0.8366 0.9661, 2.1427 0.837 0.9661, 2.1382 0.8366 0.9685, 2.1382 0.837 0.9685, 2.1328 0.8366 0.9699, 2.1328 0.837 0.9699, 2.1269 0.8366 0.9703, 2.1269 0.837 0.9703, 2.1129 0.8366 0.9686, 2.1129 0.837 0.9686, 2.1015 0.8366 0.9642, 2.1015 0.837 0.9642, 2.0978 0.8366 0.9621, 2.0978 0.837 0.9621, 2.0978 0.837 0.9815, 2.0978 0.8366 0.9815, 2.1108 0.8366 0.9854, 2.1108 0.837 0.9854, 2.1249 0.8366 0.9866, 2.1249 0.837 0.9866, 2.141 0.8366 0.9847, 2.141 0.837 0.9847, 2.1517 0.8366 0.9805, 2.1517 0.837 0.9805, 2.1566 0.8366 0.9775, 2.1566 0.837 0.9775, 2.1631 0.837 0.9715, 2.1603 0.8366 0.9741, 2.1631 0.8366 0.9715, 2.1666 0.8366 0.9661, 2.1666 0.837 0.9661, 2.1688 0.8366 0.9596, 2.1688 0.837 0.9596, 2.1694 0.8366 0.9531, 2.1694 0.837 0.9531, 2.1686 0.8366 0.9453, 2.1686 0.837 0.9453, 2.1663 0.8366 0.9392, 2.1663 0.837 0.9392, 2.1637 0.8366 0.935, 2.1637 0.837 0.935, 2.1391 0.8366 0.9199, 2.1391 0.837 0.9199, 2.151 0.837 0.9254, 2.1605 0.8366 0.9316, 2.1605 0.837 0.9316, 2.1603 0.8366 0.9315, 2.151 0.8366 0.9254, 2.1259 0.8366 0.9144, 2.1259 0.837 0.9144, 2.1181 0.8366 0.9097, 2.1181 0.837 0.9097, 2.1156 0.8366 0.9071, 2.1156 0.837 0.9071, 2.114 0.8366 0.9044, 2.114 0.837 0.9044, 2.1131 0.8366 0.9013, 2.1131 0.837 0.9013, 2.1129 0.8366 0.8988, 2.1129 0.837 0.8988, 2.1133 0.8366 0.8949, 2.1133 0.837 0.8949, 2.1143 0.8366 0.8921, 2.1143 0.837 0.8921, 2.1161 0.8366 0.8895, 2.1161 0.837 0.8895, 2.1184 0.8366 0.8875, 2.1184 0.837 0.8875, 2.1202 0.8366 0.8863, 2.1202 0.837 0.8863, 2.1254 0.8366 0.8845, 2.1254 0.837 0.8845, 2.1357 0.8366 0.8833, 2.1357 0.837 0.8833, 1.9929 0.837 0.984, 1.9721 0.837 0.984, 1.9929 0.8366 0.984, 1.9721 0.8366 0.984, 2.0241 0.837 0.8979, 2.0241 0.8366 0.8979, 2.0257 0.8366 0.8925, 2.0257 0.837 0.8925, 2.0266 0.8366 0.8886, 2.0266 0.837 0.8886, 2.0271 0.837 0.8886, 2.0271 0.8366 0.8886, 2.0296 0.837 0.898, 2.0296 0.8366 0.898, 2.0594 0.8366 0.984, 2.0594 0.837 0.984, 2.0498 0.8366 0.9561, 2.0819 0.837 0.984, 2.0819 0.8366 0.984, 2.037 0.8366 0.8699, 2.037 0.837 0.8699, 2.0498 0.8366 0.9023, 2.0458 0.8366 0.8491, 2.0458 0.837 0.8491, 2.0377 0.8366 0.8683, 2.0504 0.837 0.841, 2.0498 0.8366 0.8421, 2.0504 0.8366 0.841, 2.0544 0.8366 0.837, 2.0544 0.837 0.837, 2.0581 0.8366 0.8347, 2.0581 0.837 0.8347, 2.0625 0.8366 0.8333, 2.0625 0.837 0.8333, 2.0664 0.8366 0.8329, 2.0664 0.837 0.8329, 2.0736 0.8366 0.8339, 2.0736 0.837 0.8339, 2.0777 0.8366 0.8352, 2.0777 0.837 0.8352, 2.0777 0.837 0.8174, 2.0777 0.8366 0.8174, 2.0692 0.8366 0.8159, 2.0692 0.837 0.8159, 2.0648 0.8366 0.8157, 2.0648 0.837 0.8157, 2.0561 0.8366 0.8168, 2.0561 0.837 0.8168, 2.0498 0.8366 0.8194, 2.0483 0.837 0.82, 2.0483 0.8366 0.82, 2.0414 0.8366 0.8249, 2.0414 0.837 0.8249, 2.0332 0.8366 0.8345, 2.0332 0.837 0.8345, 2.024 0.8366 0.8523, 2.024 0.837 0.8523, 2.0177 0.8366 0.8683, 1.8643 0.837 0.8879, 1.8643 0.837 0.8696, 1.8643 0.8366 0.8879, 1.8643 0.8366 0.8696, 1.9298 0.8366 0.8879, 1.9298 0.837 0.8879, 1.8998 0.8366 0.8879, 1.9298 0.837 0.9417, 1.9298 0.8366 0.9417, 1.8725 0.8366 0.9417, 1.8725 0.837 0.9417, 1.8998 0.8366 0.9417, 1.8725 0.837 0.9601, 1.8725 0.8366 0.9601, 1.9298 0.8366 0.9601, 1.9298 0.837 0.9601, 1.8998 0.8366 0.9601, 1.9298 0.837 1.0113, 1.9298 0.8366 1.0113, 1.868 0.8366 1.0113, 1.868 0.837 1.0113, 1.8998 0.8366 1.0113, 1.868 0.837 1.0298, 1.868 0.8366 1.0298, 1.9505 0.8366 1.0298, 1.9505 0.837 1.0298, 1.8998 0.8366 1.0298, 1.9505 0.837 0.8696, 1.9505 0.8366 0.8696, 1.8998 0.8366 0.8696, 1.7346 0.837 0.9145, 1.7426 0.837 0.9046, 1.7279 0.837 0.8921, 1.7455 0.837 0.9019, 1.7444 0.837 0.8801, 1.7561 0.837 0.895, 1.7627 0.837 0.873, 1.7698 0.837 0.8901, 1.79 0.837 0.8696, 1.7902 0.837 0.8879, 1.8341 0.837 0.8696, 1.8134 0.837 0.8879, 1.8341 0.837 1.0298, 1.8134 0.837 1.0113, 1.7884 0.837 1.0298, 1.7892 0.837 1.0113, 1.764 0.837 1.0271, 1.7686 0.837 1.0091, 1.7446 0.837 1.02, 1.7547 0.837 1.0041, 1.7279 0.837 1.0086, 1.743 0.837 0.9963, 1.7223 0.837 1.0031, 1.7387 0.837 0.992, 1.7124 0.837 0.9892, 1.7324 0.837 0.9831, 1.7064 0.837 0.974, 1.7279 0.837 0.9714, 1.7037 0.837 0.9517, 1.7255 0.837 0.9512, 1.7042 0.837 0.9416, 1.726 0.837 0.9411, 1.7081 0.837 0.9228, 1.7291 0.837 0.9264, 1.7159 0.837 0.9063, 1.79 0.8366 0.8696, 1.8341 0.8366 0.8696, 1.7627 0.8366 0.873, 1.7444 0.8366 0.8801, 1.7279 0.8366 0.8921, 1.7159 0.8366 0.9063, 1.7081 0.8366 0.9228, 1.7042 0.8366 0.9416, 1.7037 0.8366 0.9517, 1.7064 0.8366 0.974, 1.7124 0.8366 0.9892, 1.7223 0.8366 1.0031, 1.7279 0.8366 1.0086, 1.7446 0.8366 1.02, 1.764 0.8366 1.0271, 1.7884 0.8366 1.0298, 1.8341 0.8366 1.0298, 1.7892 0.8366 1.0113, 1.8134 0.8366 1.0113, 1.8134 0.8366 0.8879, 1.7902 0.8366 0.8879, 1.7426 0.8366 0.9046, 1.7455 0.8366 0.9019, 1.7561 0.8366 0.895, 1.7698 0.8366 0.8901, 1.7255 0.8366 0.9512, 1.726 0.8366 0.9411, 1.7291 0.8366 0.9264, 1.7346 0.8366 0.9145, 1.743 0.8366 0.9963, 1.7387 0.8366 0.992, 1.7324 0.8366 0.9831, 1.7279 0.8366 0.9714, 1.7686 0.8366 1.0091, 1.7547 0.8366 1.0041
            ]
        }
        coordIndex [
            0,1,2,-1,3,4,5,-1,3,5,6,-1,6,5,7,-1,6,7,2,-1,2,7,8,-1,2,8,0,-1,9,1,10,-1,10,1,0,-1,11,9,12,-1,12,9,10,-1,13,14,15,-1,15,14,11,-1,15,11,16,-1,16,11,12,-1,17,14,18,-1,18,14,13,-1,18,19,17,-1,17,19,20,-1,17,20,21,-1,21,20,22,-1,21,22,23,-1,23,22,24,-1,23,24,25,-1,25,24,26,-1,25,26,27,-1,27,26,28,-1,27,28,29,-1,29,28,30,-1,29,30,31,-1,31,30,32,-1,31,32,33,-1,33,32,34,-1,33,34,35,-1,35,34,36,-1,35,36,37,-1,37,36,38,-1,37,38,39,-1,39,38,40,-1,39,40,41,-1,41,40,42,-1,41,42,43,-1,43,42,44,-1,43,44,45,-1,45,44,46,-1,45,46,47,-1,47,46,48,-1,47,48,49,-1,49,48,50,-1,49,50,51,-1,51,50,52,-1,51,52,53,-1,53,52,54,-1,53,54,55,-1,55,54,56,-1,55,56,57,-1,57,56,58,-1,57,58,59,-1,59,58,60,-1,59,60,61,-1,61,60,62,-1,61,62,63,-1,63,62,64,-1,63,64,65,-1,65,64,66,-1,65,66,67,-1,67,66,68,-1,67,68,69,-1,69,68,70,-1,69,70,71,-1,71,70,72,-1,71,72,73,-1,73,72,74,-1,73,74,75,-1,76,75,77,-1,77,75,74,-1,76,77,78,-1,76,78,79,-1,79,78,80,-1,79,80,81,-1,81,80,82,-1,81,82,83,-1,83,82,84,-1,83,84,85,-1,85,84,86,-1,85,86,87,-1,88,87,89,-1,89,87,86,-1,89,90,88,-1,88,90,91,-1,88,91,92,-1,92,91,93,-1,92,93,94,-1,94,93,95,-1,94,95,96,-1,96,95,97,-1,96,97,98,-1,98,97,99,-1,98,99,100,-1,100,99,101,-1,100,101,102,-1,103,104,105,-1,102,101,106,-1,102,106,107,-1,107,106,108,-1,107,108,105,-1,105,108,109,-1,105,109,103,-1,104,103,110,-1,104,110,111,-1,111,110,112,-1,111,112,113,-1,113,112,114,-1,113,114,115,-1,115,114,116,-1,115,116,117,-1,117,116,118,-1,117,118,119,-1,119,118,120,-1,119,120,121,-1,121,120,122,-1,121,122,123,-1,123,122,124,-1,123,124,125,-1,125,124,126,-1,125,126,127,-1,127,126,128,-1,127,128,129,-1,129,128,130,-1,129,130,131,-1,131,130,132,-1,131,132,133,-1,133,132,134,-1,133,134,135,-1,135,134,4,-1,135,4,3,-1,59,61,87,-1,87,61,85,-1,85,61,63,-1,85,63,83,-1,125,25,27,-1,111,43,104,-1,104,43,45,-1,125,27,123,-1,123,27,29,-1,123,29,121,-1,121,29,31,-1,121,31,119,-1,119,31,33,-1,119,33,117,-1,117,33,35,-1,117,35,115,-1,115,35,37,-1,115,37,113,-1,113,37,39,-1,113,39,111,-1,111,39,41,-1,111,41,43,-1,25,125,23,-1,23,125,127,-1,23,127,21,-1,14,3,11,-1,11,3,6,-1,11,6,9,-1,9,6,2,-1,9,2,1,-1,63,65,83,-1,83,65,67,-1,83,67,81,-1,81,67,69,-1,81,69,79,-1,79,69,71,-1,79,71,76,-1,76,71,73,-1,76,73,75,-1,127,129,21,-1,21,129,131,-1,21,131,17,-1,17,131,133,-1,17,133,14,-1,14,133,135,-1,14,135,3,-1,87,88,59,-1,59,88,92,-1,59,92,57,-1,57,92,94,-1,57,94,55,-1,55,94,96,-1,55,96,53,-1,53,96,98,-1,53,98,51,-1,51,98,100,-1,51,100,49,-1,49,100,102,-1,49,102,47,-1,47,102,107,-1,47,107,45,-1,45,107,105,-1,45,105,104,-1,136,137,138,-1,138,137,139,-1,140,136,141,-1,141,136,138,-1,140,141,142,-1,140,142,143,-1,143,142,144,-1,143,144,145,-1,146,145,147,-1,147,145,144,-1,148,146,149,-1,149,146,147,-1,150,151,152,-1,152,151,148,-1,152,148,149,-1,153,151,154,-1,154,151,150,-1,155,156,157,-1,157,156,153,-1,157,153,154,-1,158,159,160,-1,160,159,156,-1,160,156,155,-1,161,159,162,-1,162,159,158,-1,162,163,161,-1,161,163,164,-1,161,164,165,-1,165,164,166,-1,165,166,167,-1,167,166,168,-1,167,168,169,-1,169,168,170,-1,169,170,171,-1,171,170,172,-1,171,172,173,-1,173,172,174,-1,173,174,175,-1,176,175,177,-1,177,175,174,-1,176,177,178,-1,176,178,179,-1,179,178,180,-1,179,180,181,-1,181,180,182,-1,181,182,183,-1,183,182,184,-1,183,184,185,-1,184,186,185,-1,185,186,187,-1,185,187,188,-1,188,187,189,-1,188,189,190,-1,190,189,191,-1,190,191,192,-1,139,137,193,-1,193,137,192,-1,193,192,191,-1,143,145,192,-1,137,136,192,-1,192,136,140,-1,192,140,143,-1,151,153,148,-1,148,153,156,-1,148,156,146,-1,145,146,192,-1,192,146,156,-1,192,156,190,-1,156,159,190,-1,190,159,161,-1,190,161,188,-1,188,161,165,-1,188,165,185,-1,185,165,167,-1,185,167,183,-1,183,167,169,-1,183,169,181,-1,181,169,171,-1,181,171,179,-1,179,171,173,-1,179,173,176,-1,176,173,175,-1,194,195,196,-1,196,195,197,-1,198,199,200,-1,200,199,194,-1,200,194,196,-1,201,199,202,-1,202,199,198,-1,203,204,205,-1,205,204,201,-1,205,201,202,-1,206,204,207,-1,207,204,203,-1,208,209,210,-1,210,209,206,-1,210,206,207,-1,211,209,212,-1,212,209,208,-1,213,214,215,-1,215,214,211,-1,215,211,212,-1,216,214,217,-1,217,214,213,-1,218,219,220,-1,220,219,216,-1,220,216,217,-1,221,219,222,-1,222,219,218,-1,197,195,223,-1,223,195,221,-1,223,221,222,-1,221,195,194,-1,194,199,221,-1,221,199,201,-1,221,201,219,-1,214,216,211,-1,211,216,219,-1,211,219,209,-1,209,219,201,-1,209,201,206,-1,206,201,204,-1,224,225,226,-1,226,225,227,-1,226,227,228,-1,228,227,229,-1,228,229,230,-1,230,229,231,-1,230,231,232,-1,232,231,233,-1,232,233,234,-1,234,233,235,-1,234,235,236,-1,236,235,237,-1,236,237,238,-1,238,237,239,-1,238,239,240,-1,240,239,241,-1,240,241,242,-1,242,241,243,-1,242,243,244,-1,244,243,245,-1,244,245,246,-1,246,245,247,-1,246,247,248,-1,248,247,249,-1,248,249,250,-1,250,249,251,-1,250,251,252,-1,252,251,253,-1,252,253,254,-1,254,253,255,-1,254,255,256,-1,256,255,257,-1,256,257,258,-1,258,257,224,-1,258,224,226,-1,232,234,259,-1,259,234,260,-1,232,259,261,-1,232,261,230,-1,230,261,262,-1,230,262,228,-1,228,262,263,-1,228,263,226,-1,226,263,264,-1,226,264,258,-1,258,264,265,-1,258,265,256,-1,256,265,266,-1,256,266,254,-1,254,266,267,-1,254,267,252,-1,252,267,268,-1,252,268,250,-1,250,268,269,-1,250,269,248,-1,248,269,270,-1,248,270,246,-1,246,270,271,-1,246,271,244,-1,244,271,272,-1,244,272,242,-1,242,272,273,-1,242,273,240,-1,240,273,274,-1,240,274,238,-1,236,238,275,-1,275,238,274,-1,234,236,260,-1,260,236,275,-1,239,237,276,-1,276,237,277,-1,237,235,277,-1,277,235,278,-1,235,233,278,-1,278,233,279,-1,225,280,281,-1,225,281,227,-1,227,281,282,-1,227,282,229,-1,229,282,283,-1,229,283,231,-1,231,283,279,-1,231,279,233,-1,253,284,285,-1,253,285,255,-1,255,285,286,-1,255,286,257,-1,257,286,287,-1,257,287,224,-1,224,287,280,-1,224,280,225,-1,245,288,289,-1,245,289,247,-1,247,289,290,-1,247,290,249,-1,249,290,291,-1,249,291,251,-1,251,291,284,-1,251,284,253,-1,239,276,292,-1,239,292,241,-1,241,292,293,-1,241,293,243,-1,243,293,288,-1,243,288,245,-1,
        ]
    }
}
Shape{
    appearance Appearance {
        material  Material 	{
            diffuseColor 0.25098039215686274 0.25098039215686274 0.25098039215686274
            specularColor 0.12549019607843137 0.12549019607843137 0.12549019607843137
            ambientIntensity 0.251
            transparency 0.0
            shininess 0.5
        }
    }
    geometry IndexedFaceSet {
        ccw TRUE
        solid FALSE
        coord DEF co Coordinate {
            point [
                1.8134 0.8366 1.0113, 1.8134 0.8366 0.8879, 1.7892 0.8366 1.0113, 1.7902 0.8366 0.8879, 1.7698 0.8366 0.8901, 1.7561 0.8366 0.895, 1.7455 0.8366 0.9019, 1.7426 0.8366 0.9046, 1.7346 0.8366 0.9145, 1.7291 0.8366 0.9264, 1.726 0.8366 0.9411, 1.7255 0.8366 0.9512, 1.7279 0.8366 0.9714, 1.7324 0.8366 0.9831, 1.7387 0.8366 0.992, 1.743 0.8366 0.9963, 1.7686 0.8366 1.0091, 1.7547 0.8366 1.0041
            ]
        }
        coordIndex [
            0,1,2,-1,2,1,3,-1,2,3,4,-1,4,5,2,-1,2,5,6,-1,2,6,7,-1,7,8,2,-1,2,8,9,-1,2,9,10,-1,10,11,2,-1,2,11,12,-1,2,12,13,-1,13,14,2,-1,2,14,15,-1,2,15,16,-1,16,15,17,-1,
        ]
    }
}
Shape{
    appearance Appearance {
        material  Material 	{
            diffuseColor 1.0 1.0 1.0
            specularColor 0.5019607843137255 0.5019607843137255 0.5019607843137255
            ambientIntensity 1.0
            transparency 0.0
            shininess 0.5
        }
    }
    geometry IndexedFaceSet {
        ccw TRUE
        solid FALSE
        coord DEF co Coordinate {
            point [
                1.65 0.837 0.9315, 1.6261 0.837 0.9981, 1.6338 0.837 1.0298, 1.6948 0.837 0.8696, 1.672 0.837 0.8696, 1.6566 0.837 0.9134, 1.6247 0.837 1.0029, 1.6235 0.837 1.0093, 1.6117 0.837 1.0298, 1.623 0.837 1.0093, 1.6217 0.837 1.0025, 1.6205 0.837 0.9981, 1.5963 0.837 0.9315, 1.5507 0.837 0.8696, 1.5736 0.837 0.8696, 1.5899 0.837 0.9134, 1.6117 0.8366 1.0298, 1.5507 0.8366 0.8696, 1.6338 0.8366 1.0298, 1.6948 0.8366 0.8696, 1.672 0.8366 0.8696, 1.6566 0.8366 0.9134, 1.5899 0.8366 0.9134, 1.5736 0.8366 0.8696, 1.65 0.8366 0.9315, 1.5963 0.8366 0.9315, 1.6205 0.8366 0.9981, 1.623 0.8366 1.0093, 1.6217 0.8366 1.0025, 1.6235 0.8366 1.0093, 1.6261 0.8366 0.9981, 1.6247 0.8366 1.0029
            ]
        }
        coordIndex [
            0,1,2,-1,3,4,5,-1,1,6,2,-1,2,6,7,-1,2,7,8,-1,8,7,9,-1,8,9,10,-1,10,11,8,-1,8,11,12,-1,8,12,13,-1,14,13,15,-1,15,13,12,-1,15,12,5,-1,5,12,0,-1,5,0,3,-1,3,0,2,-1,8,13,16,-1,16,13,17,-1,2,8,18,-1,18,8,16,-1,3,2,19,-1,19,2,18,-1,4,3,20,-1,20,3,19,-1,5,4,21,-1,21,4,20,-1,15,5,22,-1,22,5,21,-1,14,15,23,-1,23,15,22,-1,13,14,17,-1,17,14,23,-1,0,12,24,-1,24,12,25,-1,12,11,25,-1,25,11,26,-1,9,27,28,-1,9,28,10,-1,10,28,26,-1,10,26,11,-1,9,7,27,-1,27,7,29,-1,1,30,31,-1,1,31,6,-1,6,31,29,-1,6,29,7,-1,1,0,30,-1,30,0,24,-1,
        ]
    }
}
Shape{
    appearance Appearance {
        material  Material 	{
            diffuseColor 0.25098039215686274 0.25098039215686274 0.25098039215686274
            specularColor 0.12549019607843137 0.12549019607843137 0.12549019607843137
            ambientIntensity 0.251
            transparency 0.0
            shininess 0.5
        }
    }
    geometry IndexedFaceSet {
        ccw TRUE
        solid FALSE
        coord DEF co Coordinate {
            point [
                1.623 0.8366 1.0093, 1.6235 0.8366 1.0093, 1.6217 0.8366 1.0025, 1.6247 0.8366 1.0029, 1.6205 0.8366 0.9981, 1.6261 0.8366 0.9981, 1.5963 0.8366 0.9315, 1.65 0.8366 0.9315
            ]
        }
        coordIndex [
            0,1,2,-1,2,1,3,-1,2,3,4,-1,4,3,5,-1,4,5,6,-1,6,5,7,-1,
        ]
    }
}
Shape{
    appearance Appearance {
        material  Material 	{
            diffuseColor 1.0 1.0 1.0
            specularColor 0.5019607843137255 0.5019607843137255 0.5019607843137255
            ambientIntensity 1.0
            transparency 0.0
            shininess 0.5
        }
    }
    geometry IndexedFaceSet {
        ccw TRUE
        solid FALSE
        coord DEF co Coordinate {
            point [
                3.1012 0.837 0.847, 3.0843 0.837 0.8261, 3.1115 0.837 0.9476, 2.5957 0.837 1.0273, 2.5984 0.837 1.0052, 2.5307 0.837 0.9864, 2.9962 0.837 0.95, 2.9856 0.837 0.9463, 2.8906 0.837 0.9192, 2.9764 0.837 0.9401, 2.9691 0.837 0.9319, 2.7312 0.837 1.0034, 2.7665 0.837 1.0638, 2.9191 0.837 0.9841, 3.0056 0.837 0.951, 3.0352 0.837 0.8736, 3.0261 0.837 0.8673, 3.062 0.837 0.8093, 3.0156 0.837 0.8634, 3.1363 0.837 0.9629, 3.1321 0.837 0.8775, 3.1126 0.837 0.8713, 2.9641 0.837 0.9226, 2.9615 0.837 0.912, 2.8906 0.837 0.9078, 2.9615 0.837 0.9015, 3.0152 0.837 0.95, 3.0316 0.837 1.0194, 3.0252 0.837 0.9464, 3.0567 0.837 1.0098, 3.0343 0.837 0.9405, 3.08 0.837 0.9937, 3.0418 0.837 0.9323, 3.0989 0.837 0.9722, 3.0471 0.837 0.9225, 3.0497 0.837 0.9115, 2.6936 0.837 1.1161, 2.6845 0.837 1.1161, 2.6378 0.837 1.1776, 2.6629 0.837 1.1135, 2.6313 0.837 1.1754, 2.643 0.837 1.1058, 2.5975 0.837 1.1583, 2.5668 0.837 1.132, 3.0139 0.837 1.1537, 3.0056 0.837 1.1492, 3.0409 0.837 1.2323, 2.9893 0.837 1.1834, 3.0176 0.837 1.2595, 2.9642 0.837 1.2142, 2.9908 0.837 1.2824, 2.9326 0.837 1.2377, 2.9632 0.837 1.2995, 2.9631 0.837 1.0151, 2.9906 0.837 1.0219, 3.0045 0.837 1.0228, 2.5454 0.837 0.9505, 2.6063 0.837 0.9849, 2.5672 0.837 0.9203, 2.6993 0.837 1.2676, 2.74 0.837 1.2115, 2.6621 0.837 1.2247, 2.7153 0.837 1.18, 2.699 0.837 1.1427, 3.1567 0.837 0.9838, 3.2037 0.837 0.926, 3.1726 0.837 0.8987, 3.1764 0.837 1.0799, 3.2511 0.837 1.0632, 3.1798 0.837 1.0524, 3.2515 0.837 1.0501, 3.1785 0.837 1.035, 3.2471 0.837 1.0101, 3.1703 0.837 1.0071, 3.2319 0.837 0.9674, 3.2079 0.837 0.9308, 2.6254 0.837 1.0935, 2.6121 0.837 1.0787, 2.5438 0.837 1.0995, 2.6016 0.837 1.059, 2.5301 0.837 1.0647, 2.5963 0.837 1.0372, 2.5251 0.837 1.0285, 2.5252 0.837 1.0237, 2.6188 0.837 0.9671, 2.6204 0.837 0.9654, 2.5994 0.837 0.8933, 2.6373 0.837 0.9517, 2.6343 0.837 0.8766, 2.6574 0.837 0.9424, 2.6709 0.837 0.8691, 2.6777 0.837 0.9385, 2.738 0.837 0.8691, 2.7289 0.837 0.9385, 2.7437 0.837 0.8699, 2.9107 0.837 1.3198, 2.8954 0.837 1.2529, 2.8542 0.837 1.3268, 2.853 0.837 1.2585, 2.8072 0.837 1.3218, 2.8161 0.837 1.2541, 2.7501 0.837 1.3017, 2.7802 0.837 1.2408, 2.7481 0.837 1.219, 3.0395 0.837 1.163, 3.054 0.837 1.2338, 3.0659 0.837 1.1662, 3.0671 0.837 1.2345, 3.0776 0.837 1.1656, 3.1073 0.837 1.2301, 3.1057 0.837 1.159, 3.1498 0.837 1.2149, 3.1311 0.837 1.1456, 3.188 0.837 1.1892, 3.1509 0.837 1.128, 3.198 0.837 1.1799, 3.1667 0.837 1.1053, 3.2231 0.837 1.1486, 3.2422 0.837 1.1082, 3.0424 0.837 0.8818, 3.0473 0.837 0.8912, 3.0497 0.837 0.9017, 2.9389 0.837 1.0022, 3.0358 0.837 0.7982, 3.0089 0.837 0.794, 3.0056 0.837 0.8622, 3.0045 0.837 0.7939, 2.9959 0.837 0.8633, 2.9769 0.837 0.7973, 2.9859 0.837 0.8668, 2.9515 0.837 0.807, 2.977 0.837 0.8726, 2.9289 0.837 0.8228, 2.9695 0.837 0.8808, 2.9113 0.837 0.8426, 2.9642 0.837 0.8905, 2.8978 0.837 0.868, 2.8912 0.837 0.8961, 2.7346 0.837 0.9396, 2.7622 0.837 0.8812, 2.7588 0.837 0.8778, 2.7442 0.837 0.9386, 2.752 0.837 0.9356, 2.7709 0.837 0.9075, 2.771 0.837 0.9044, 2.77 0.837 0.8961, 2.7671 0.837 0.8884, 2.7312 0.837 0.9388, 2.7513 0.837 0.8727, 2.7358 0.837 0.9397, 2.7591 0.837 0.9308, 2.7649 0.837 0.9242, 2.769 0.837 0.9162, 2.5251 0.8366 1.0285, 2.5301 0.8366 1.0647, 2.5343 0.8366 1.0754, 2.5438 0.8366 1.0995, 2.5668 0.8366 1.132, 2.5975 0.8366 1.1583, 2.6313 0.8366 1.1754, 2.6378 0.8366 1.1776, 2.6621 0.8366 1.2247, 2.6993 0.8366 1.2676, 2.7255 0.8366 1.2852, 2.7501 0.8366 1.3017, 2.8072 0.8366 1.3218, 2.8542 0.8366 1.3268, 2.9908 0.8366 1.2824, 2.9863 0.8366 1.2852, 2.9632 0.8366 1.2995, 2.9107 0.8366 1.3198, 3.0176 0.8366 1.2595, 3.0409 0.8366 1.2323, 3.054 0.8366 1.2338, 3.0671 0.8366 1.2345, 3.1073 0.8366 1.2301, 3.1498 0.8366 1.2149, 3.188 0.8366 1.1892, 3.198 0.8366 1.1799, 3.2515 0.8366 1.0501, 3.2231 0.8366 1.1486, 3.2422 0.8366 1.1082, 3.2487 0.8366 1.0754, 3.2511 0.8366 1.0632, 3.2471 0.8366 1.0101, 3.2319 0.8366 0.9674, 3.2079 0.8366 0.9308, 3.2037 0.8366 0.926, 3.1726 0.8366 0.8987, 3.1321 0.8366 0.8775, 3.1126 0.8366 0.8713, 3.1112 0.8366 0.8683, 3.1012 0.8366 0.847, 3.0843 0.8366 0.8261, 3.062 0.8366 0.8093, 3.0515 0.8366 0.8048, 3.0358 0.8366 0.7982, 3.0089 0.8366 0.794, 3.0045 0.8366 0.7939, 2.8906 0.8366 0.9078, 2.9769 0.8366 0.7973, 2.9573 0.8366 0.8048, 2.9515 0.8366 0.807, 2.9289 0.8366 0.8228, 2.9113 0.8366 0.8426, 2.8978 0.8366 0.868, 2.8977 0.8366 0.8683, 2.8912 0.8366 0.8961, 2.8906 0.8366 0.9192, 2.7312 0.8366 1.0034, 2.7665 0.8366 1.0638, 2.9191 0.8366 0.9841, 2.9389 0.8366 1.0022, 2.9631 0.8366 1.0151, 2.9906 0.8366 1.0219, 3.0045 0.8366 1.0228, 3.0316 0.8366 1.0194, 3.0567 0.8366 1.0098, 3.08 0.8366 0.9937, 3.0989 0.8366 0.9722, 3.1115 0.8366 0.9476, 3.1363 0.8366 0.9629, 3.1567 0.8366 0.9838, 3.1703 0.8366 1.0071, 3.1785 0.8366 1.035, 3.1798 0.8366 1.0524, 3.177 0.8366 1.0754, 3.1764 0.8366 1.0799, 3.1667 0.8366 1.1053, 3.1509 0.8366 1.128, 3.1311 0.8366 1.1456, 3.1057 0.8366 1.159, 3.0776 0.8366 1.1656, 3.0659 0.8366 1.1662, 3.0395 0.8366 1.163, 3.0139 0.8366 1.1537, 3.0056 0.8366 1.1492, 2.9893 0.8366 1.1834, 2.9642 0.8366 1.2142, 2.9326 0.8366 1.2377, 2.8954 0.8366 1.2529, 2.853 0.8366 1.2585, 2.8161 0.8366 1.2541, 2.7802 0.8366 1.2408, 2.7481 0.8366 1.219, 2.74 0.8366 1.2115, 2.7153 0.8366 1.18, 2.699 0.8366 1.1427, 2.6936 0.8366 1.1161, 2.6845 0.8366 1.1161, 2.6629 0.8366 1.1135, 2.643 0.8366 1.1058, 2.6254 0.8366 1.0935, 2.6121 0.8366 1.0787, 2.6103 0.8366 1.0754, 2.6016 0.8366 1.059, 2.5963 0.8366 1.0372, 2.5957 0.8366 1.0273, 2.5984 0.8366 1.0052, 2.6063 0.8366 0.9849, 2.6188 0.8366 0.9671, 2.6204 0.8366 0.9654, 2.6373 0.8366 0.9517, 2.6574 0.8366 0.9424, 2.6777 0.8366 0.9385, 2.7289 0.8366 0.9385, 2.7312 0.8366 0.9388, 2.7346 0.8366 0.9396, 2.7358 0.8366 0.9397, 2.7442 0.8366 0.9386, 2.752 0.8366 0.9356, 2.7591 0.8366 0.9308, 2.7649 0.8366 0.9242, 2.769 0.8366 0.9162, 2.7709 0.8366 0.9075, 2.771 0.8366 0.9044, 2.77 0.8366 0.8961, 2.7671 0.8366 0.8884, 2.7622 0.8366 0.8812, 2.7588 0.8366 0.8778, 2.7513 0.8366 0.8727, 2.7437 0.8366 0.8699, 2.738 0.8366 0.8691, 2.6709 0.8366 0.8691, 2.6343 0.8366 0.8766, 2.5994 0.8366 0.8933, 2.5672 0.8366 0.9203, 2.5454 0.8366 0.9505, 2.5307 0.8366 0.9864, 2.5252 0.8366 1.0237, 3.0056 0.8366 0.951, 2.9962 0.8366 0.95, 2.9856 0.8366 0.9463, 2.9764 0.8366 0.9401, 2.9691 0.8366 0.9319, 2.9641 0.8366 0.9226, 2.9615 0.8366 0.912, 2.9615 0.8366 0.9015, 2.9642 0.8366 0.8905, 2.9695 0.8366 0.8808, 2.977 0.8366 0.8726, 2.9859 0.8366 0.8668, 2.9959 0.8366 0.8633, 3.0056 0.8366 0.8622, 3.0156 0.8366 0.8634, 3.0261 0.8366 0.8673, 3.0352 0.8366 0.8736, 3.0424 0.8366 0.8818, 3.0473 0.8366 0.8912, 3.0497 0.8366 0.9017, 3.0497 0.8366 0.9115, 3.0471 0.8366 0.9225, 3.0418 0.8366 0.9323, 3.0343 0.8366 0.9405, 3.0252 0.8366 0.9464, 3.0152 0.8366 0.95
            ]
        }
        coordIndex [
            0,1,2,-1,3,4,5,-1,6,7,8,-1,8,7,9,-1,8,9,10,-1,11,12,8,-1,8,12,13,-1,8,13,6,-1,6,13,14,-1,15,1,16,-1,16,1,17,-1,16,17,18,-1,19,20,2,-1,2,20,21,-1,2,21,0,-1,10,22,8,-1,8,22,23,-1,8,23,24,-1,24,23,25,-1,26,27,28,-1,28,27,29,-1,28,29,30,-1,30,29,31,-1,30,31,32,-1,32,31,33,-1,32,33,34,-1,34,33,2,-1,34,2,35,-1,36,37,38,-1,38,37,39,-1,38,39,40,-1,40,39,41,-1,40,41,42,-1,42,41,43,-1,44,45,46,-1,46,45,47,-1,46,47,48,-1,48,47,49,-1,48,49,50,-1,50,49,51,-1,50,51,52,-1,53,54,26,-1,26,54,55,-1,26,55,27,-1,5,4,56,-1,56,4,57,-1,56,57,58,-1,59,60,61,-1,61,60,62,-1,61,62,38,-1,38,62,63,-1,38,63,36,-1,64,65,19,-1,19,65,66,-1,19,66,20,-1,67,68,69,-1,69,68,70,-1,69,70,71,-1,71,70,72,-1,71,72,73,-1,73,72,74,-1,73,74,64,-1,64,74,75,-1,64,75,65,-1,41,76,43,-1,43,76,77,-1,43,77,78,-1,78,77,79,-1,78,79,80,-1,80,79,81,-1,80,81,82,-1,82,81,3,-1,82,3,83,-1,83,3,5,-1,57,84,58,-1,58,84,85,-1,58,85,86,-1,86,85,87,-1,86,87,88,-1,88,87,89,-1,88,89,90,-1,90,89,91,-1,90,91,92,-1,92,91,93,-1,92,93,94,-1,52,51,95,-1,95,51,96,-1,95,96,97,-1,97,96,98,-1,97,98,99,-1,99,98,100,-1,99,100,101,-1,101,100,102,-1,101,102,59,-1,59,102,103,-1,59,103,60,-1,44,46,104,-1,104,46,105,-1,104,105,106,-1,106,105,107,-1,106,107,108,-1,108,107,109,-1,108,109,110,-1,110,109,111,-1,110,111,112,-1,112,111,113,-1,112,113,114,-1,114,113,115,-1,114,115,116,-1,116,115,117,-1,116,117,67,-1,67,117,118,-1,67,118,68,-1,15,119,1,-1,1,119,120,-1,1,120,2,-1,2,120,121,-1,2,121,35,-1,14,13,26,-1,26,13,122,-1,26,122,53,-1,17,123,18,-1,18,123,124,-1,18,124,125,-1,125,124,126,-1,125,126,127,-1,127,126,128,-1,127,128,129,-1,129,128,130,-1,129,130,131,-1,131,130,132,-1,131,132,133,-1,133,132,134,-1,133,134,135,-1,135,134,136,-1,135,136,25,-1,25,136,137,-1,25,137,24,-1,138,139,140,-1,141,142,143,-1,144,145,138,-1,138,145,146,-1,138,146,139,-1,93,147,94,-1,94,147,138,-1,94,138,148,-1,148,138,140,-1,144,138,143,-1,143,138,149,-1,143,149,141,-1,142,150,143,-1,143,150,151,-1,143,151,152,-1,82,153,154,-1,82,154,80,-1,80,154,155,-1,80,155,78,-1,155,156,78,-1,78,156,157,-1,78,157,43,-1,43,157,158,-1,43,158,42,-1,42,158,159,-1,42,159,40,-1,40,159,160,-1,40,160,38,-1,38,160,161,-1,38,161,61,-1,61,161,162,-1,61,162,59,-1,101,59,163,-1,163,59,162,-1,163,164,101,-1,101,164,165,-1,101,165,99,-1,99,165,166,-1,99,166,97,-1,167,50,168,-1,168,50,52,-1,168,52,169,-1,169,52,95,-1,169,95,170,-1,170,95,97,-1,170,97,166,-1,50,167,171,-1,50,171,48,-1,48,171,172,-1,48,172,46,-1,46,172,173,-1,46,173,105,-1,105,173,174,-1,105,174,107,-1,107,174,175,-1,107,175,109,-1,109,175,176,-1,109,176,111,-1,111,176,177,-1,111,177,113,-1,113,177,178,-1,113,178,115,-1,179,70,68,-1,115,178,180,-1,115,180,117,-1,117,180,181,-1,117,181,118,-1,118,181,182,-1,118,182,68,-1,68,182,183,-1,68,183,179,-1,70,179,184,-1,70,184,72,-1,72,184,185,-1,72,185,74,-1,74,185,186,-1,74,186,75,-1,75,186,187,-1,75,187,65,-1,65,187,188,-1,65,188,66,-1,66,188,189,-1,66,189,20,-1,20,189,190,-1,20,190,21,-1,21,190,191,-1,21,191,0,-1,191,192,0,-1,0,192,193,-1,0,193,1,-1,1,193,194,-1,1,194,17,-1,17,194,195,-1,17,195,123,-1,195,196,123,-1,123,196,197,-1,123,197,124,-1,124,197,198,-1,124,198,126,-1,199,24,137,-1,126,198,200,-1,126,200,128,-1,128,200,201,-1,128,201,130,-1,201,202,130,-1,130,202,203,-1,130,203,132,-1,132,203,204,-1,132,204,134,-1,134,204,205,-1,134,205,136,-1,136,205,206,-1,136,206,137,-1,137,206,207,-1,137,207,199,-1,8,24,208,-1,208,24,199,-1,11,8,209,-1,209,8,208,-1,12,11,210,-1,210,11,209,-1,13,12,211,-1,211,12,210,-1,13,211,212,-1,13,212,122,-1,122,212,213,-1,122,213,53,-1,53,213,214,-1,53,214,54,-1,54,214,215,-1,54,215,55,-1,55,215,216,-1,55,216,27,-1,27,216,217,-1,27,217,29,-1,29,217,218,-1,29,218,31,-1,31,218,219,-1,31,219,33,-1,33,219,220,-1,33,220,2,-1,2,220,221,-1,2,221,19,-1,19,221,222,-1,19,222,64,-1,64,222,223,-1,64,223,73,-1,73,223,224,-1,73,224,71,-1,71,224,225,-1,71,225,69,-1,67,69,226,-1,226,69,225,-1,226,227,67,-1,67,227,228,-1,67,228,116,-1,116,228,229,-1,116,229,114,-1,114,229,230,-1,114,230,112,-1,112,230,231,-1,112,231,110,-1,110,231,232,-1,110,232,108,-1,108,232,233,-1,108,233,106,-1,106,233,234,-1,106,234,104,-1,104,234,235,-1,104,235,44,-1,44,235,236,-1,44,236,45,-1,45,236,237,-1,45,237,47,-1,47,237,238,-1,47,238,49,-1,49,238,239,-1,49,239,51,-1,51,239,240,-1,51,240,96,-1,96,240,241,-1,96,241,98,-1,98,241,242,-1,98,242,100,-1,100,242,243,-1,100,243,102,-1,102,243,244,-1,102,244,103,-1,103,244,245,-1,103,245,60,-1,60,245,246,-1,60,246,62,-1,62,246,247,-1,62,247,63,-1,63,247,248,-1,63,248,36,-1,37,36,249,-1,249,36,248,-1,37,249,250,-1,37,250,39,-1,39,250,251,-1,39,251,41,-1,41,251,252,-1,41,252,76,-1,76,252,253,-1,76,253,77,-1,77,253,254,-1,77,254,79,-1,254,255,79,-1,79,255,256,-1,79,256,81,-1,81,256,257,-1,81,257,3,-1,3,257,258,-1,3,258,4,-1,4,258,259,-1,4,259,57,-1,57,259,260,-1,57,260,84,-1,84,260,261,-1,84,261,85,-1,85,261,262,-1,85,262,87,-1,87,262,263,-1,87,263,89,-1,89,263,264,-1,89,264,91,-1,93,91,265,-1,265,91,264,-1,93,265,266,-1,93,266,147,-1,147,266,267,-1,147,267,138,-1,138,267,268,-1,138,268,149,-1,149,268,269,-1,149,269,141,-1,141,269,270,-1,141,270,142,-1,142,270,271,-1,142,271,150,-1,150,271,272,-1,150,272,151,-1,151,272,273,-1,151,273,152,-1,152,273,274,-1,152,274,143,-1,143,274,275,-1,143,275,144,-1,144,275,276,-1,144,276,145,-1,145,276,277,-1,145,277,146,-1,146,277,278,-1,146,278,139,-1,139,278,279,-1,139,279,140,-1,140,279,280,-1,140,280,148,-1,148,280,281,-1,148,281,94,-1,94,281,282,-1,94,282,92,-1,90,92,283,-1,283,92,282,-1,90,283,284,-1,90,284,88,-1,88,284,285,-1,88,285,86,-1,86,285,286,-1,86,286,58,-1,58,286,287,-1,58,287,56,-1,56,287,288,-1,56,288,5,-1,5,288,289,-1,5,289,83,-1,83,289,153,-1,83,153,82,-1,14,290,291,-1,14,291,6,-1,6,291,292,-1,6,292,7,-1,7,292,293,-1,7,293,9,-1,9,293,294,-1,9,294,10,-1,10,294,295,-1,10,295,22,-1,22,295,296,-1,22,296,23,-1,23,296,297,-1,23,297,25,-1,25,297,298,-1,25,298,135,-1,135,298,299,-1,135,299,133,-1,133,299,300,-1,133,300,131,-1,131,300,301,-1,131,301,129,-1,129,301,302,-1,129,302,127,-1,127,302,303,-1,127,303,125,-1,125,303,304,-1,125,304,18,-1,18,304,305,-1,18,305,16,-1,16,305,306,-1,16,306,15,-1,15,306,307,-1,15,307,119,-1,119,307,308,-1,119,308,120,-1,120,308,309,-1,120,309,121,-1,121,309,310,-1,121,310,35,-1,35,310,311,-1,35,311,34,-1,34,311,312,-1,34,312,32,-1,32,312,313,-1,32,313,30,-1,30,313,314,-1,30,314,28,-1,28,314,315,-1,28,315,26,-1,26,315,290,-1,26,290,14,-1,
        ]
    }
}
Shape{
    appearance Appearance {
        material  Material 	{
            diffuseColor 0.25098039215686274 0.25098039215686274 0.25098039215686274
            specularColor 0.12549019607843137 0.12549019607843137 0.12549019607843137
            ambientIntensity 0.251
            transparency 0.0
            shininess 0.5
        }
    }
    geometry IndexedFaceSet {
        ccw TRUE
        solid FALSE
        coord DEF co Coordinate {
            point [
                2.9959 0.8366 0.8633, 3.0056 0.8366 0.951, 3.0056 0.8366 0.8622, 3.0152 0.8366 0.95, 3.0497 0.8366 0.9017, 3.0497 0.8366 0.9115, 3.0252 0.8366 0.9464, 2.9615 0.8366 0.912, 2.9641 0.8366 0.9226, 2.9691 0.8366 0.9319, 2.9764 0.8366 0.9401, 2.9856 0.8366 0.9463, 2.9962 0.8366 0.95, 3.0343 0.8366 0.9405, 3.0418 0.8366 0.9323, 3.0471 0.8366 0.9225, 3.0473 0.8366 0.8912, 3.0424 0.8366 0.8818, 3.0352 0.8366 0.8736, 2.9859 0.8366 0.8668, 2.977 0.8366 0.8726, 2.9615 0.8366 0.9015, 2.9695 0.8366 0.8808, 2.9642 0.8366 0.8905, 3.0261 0.8366 0.8673, 3.0156 0.8366 0.8634
            ]
        }
        coordIndex [
            0,1,2,-1,2,1,3,-1,4,3,5,-1,5,3,6,-1,7,8,0,-1,0,8,9,-1,0,9,10,-1,10,11,0,-1,0,11,12,-1,0,12,1,-1,6,13,5,-1,5,13,14,-1,5,14,15,-1,4,16,3,-1,3,16,17,-1,3,17,18,-1,0,19,7,-1,7,19,20,-1,7,20,21,-1,21,20,22,-1,21,22,23,-1,18,24,3,-1,3,24,25,-1,3,25,2,-1,
        ]
    }
}